paper1000,Fry_C
paper1001,Flash_T
paper1001,Handzel_A
paper1002,Gerstner_W
paper1002,Kempter_R
paper1002,vanHemmen_J
paper1002,Wagner_H
paper1003,Cekic_M
paper1003,Hasselmo_M
paper1004,Barto_A
paper1004,Buckingham_J
paper1004,Houk_J
paper1005,Bell_A
paper1005,Jung_T
paper1005,Makeig_S
paper1005,Sejnowski_T
paper1006,Blair_H
paper1007,Furukawa_T
paper1007,Yasui_S
paper1008,Baxter_J
paper1009,Amari_S
paper1009,Finke_M
paper1009,Mueller_K
paper1009,Murata_N
paper1009,Yang_H
paper100,Baum_E
paper100,Haussler_D
paper1010,Kearns_M
paper1011,Krogh_A
paper1011,Sollich_P
paper1012,Koiran_P
paper1012,Sontag_E
paper1013,DasGupta_B
paper1013,Sontag_E
paper1014,Maass_W
paper1015,Boes_S
paper1016,Rueget_S
paper1017,Snapp_R
paper1017,Xu_T
paper1018,Kadirkamanathan_M
paper1018,Kadirkamanathan_V
paper1019,Bohossian_V
paper1019,Bruck_J
paper101,Bilbro_G
paper101,Mann_R
paper101,Miller_T
paper101,Snyder_W
paper101,VandenBout_D
paper101,White_M
paper1020,Coolen_A
paper1020,Laughton_S
paper1020,Sherrington_D
paper1021,Mansour_Y
paper1021,Sahar_S
paper1022,Shawe-Taylor_J
paper1022,Zhao_J
paper1023,Abdallah_C
paper1023,Heileman_G
paper1023,Howse_J
paper1024,Bialek_W
paper1024,Deweese_M
paper1025,Hadjffaradji_S
paper1025,Marchand_M
paper1026,Fukumizu_K
paper1027,Saad_D
paper1027,Solla_S
paper1028,Helmbold_D
paper1028,Kivinen_J
paper1028,Warmuth_M
paper1029,Auer_P
paper1029,Herbster_M
paper1029,Warmuth_M
paper102,Tesauro_G
paper1030,Saad_D
paper1030,West_A
paper1031,Finch_S
paper1031,Goodhill_G
paper1032,Meyer-Baese_A
paper1032,Ohl_F
paper1032,Scheich_H
paper1033,Bartlett_P
paper1033,Kowalczyk_A
paper1033,Szymanski_J
paper1033,Williamson_R
paper1034,MacKay_D
paper1034,Robinson_A
paper1034,Waterhouse_S
paper1035,Seinenov_S
paper1035,Shuvalova_LB
paper1036,Dodier_R
paper1037,Botelho_F
paper1037,Garzon_M
paper1037,Jagota_A
paper1037,Wang_X
paper1038,Singer_Y
paper1039,Bourlard_H
paper1039,Konig_Y
paper1039,Morgan_N
paper103,Mozer_M
paper103,Smolensky_P
paper1040,Bengio_Y
paper1040,Gingras_F
paper1041,Omohundro_S
paper1042,Hastie_T
paper1042,Tibshirani_R
paper1043,Blatt_M
paper1043,Domany_E
paper1043,Wiseman_S
paper1044,Sato_A
paper1044,Yamada_K
paper1045,Juels_A
paper1045,Wattenberg_M
paper1046,Parra_L
paper1047,Xu_L
paper1048,Baldi_P
paper1048,Homik_K
paper1049,Moody_J
paper1049,Wu_L
paper104,Gersho_A
paper104,Yair_E
paper1050,Bishop_C
paper1050,Svensen_M
paper1050,Williams_C
paper1051,Ghahramani_Z
paper1051,Jordan_M
paper1052,Cones_C
paper1052,Drucker_H
paper1053,Jordan_M
paper1053,Saul_L
paper1054,Bengio_Y
paper1054,Hihi_S
paper1055,Hofmann_R
paper1055,Tresp_V
paper1056,Hinton_G
paper1056,Revow_M
paper1057,Williams_C
paper1058,Hansen_L
paper1058,Larsen_J
paper1058,Pealersen_M
paper1059,Jaakkola_T
paper1059,Jordan_M
paper1059,Saul_L
paper105,Beckman_P
paper105,Lippmann_R
paper1060,Opitz_D
paper1060,Shavlik_J
paper1061,Ormoneit_D
paper1061,Tresp_V
paper1062,Elman_J
paper1062,Rebotier_T
paper1063,Flake_G
paper1064,Schraudolph_N
paper1064,Sejnowski_T
paper1065,Ritter_H
paper1065,Walter_J
paper1066,Giles_C
paper1066,Home_B
paper1066,Lin_T
paper1066,Tino_P
paper1067,Robinson_A
paper1067,Waterhouse_S
paper1068,Gersho_A
paper1068,Miller_O
paper1068,Rao_A
paper1068,Rose_K
paper1069,Rasmussen_C
paper106,Singhal_S
paper106,Wu_L
paper1070,Atkeson_C
paper1070,Schaal_S
paper1071,Kremer_S
paper1072,Asanovic_K
paper1072,Beck_J
paper1072,Johnson_D
paper1072,Kingsbury_B
paper1072,Morgan_N
paper1072,Wawrzynek_J
paper1073,Gold_S
paper1073,Rangarajan_A
paper1074,Mjolsness_E
paper1074,Tsioutsias_O
paper1075,Thrun_S
paper1076,Towell_G
paper1077,Craven_M
paper1077,Jackson_J
paper1078,Dayan_P
paper1078,Frey_B
paper1078,Hinton_G
paper1079,Fragniere_E
paper1079,vanSchaik_A
paper1079,Vittoz_E
paper107,Galland_C
paper107,Hinton_G
paper107,LeCun_Y
paper1080,Boahen_K
paper1080,Liu_S
paper1081,Kaihara_R
paper1081,Morimoto_T
paper1081,Nakai_T
paper1081,Ohmi_T
paper1081,Shibata_T
paper1081,Yamashita_T
paper1082,Cauwenberghs_G
paper1082,Edwards_R
paper1083,Lazzaro_J
paper1083,Wawrzynek_J
paper1084,Etienne-Cummings_R
paper1084,VanderSpiegel_J
paper1085,Hammerstrom_D
paper1085,Rehfuss_S
paper1086,Indiveri_G
paper1086,Koch_C
paper1086,Kramer_J
paper1087,Smith_L
paper1088,Cboe_Y
paper1088,Miikkulainen_R
paper1088,Sirosh_J
paper1089,Robinson_A
paper1089,Senior_A
paper108,Ballard_D
paper108,Oftaway_M
paper108,Simard_P
paper1090,Hochberg_M
paper1090,Kershaw_D
paper1090,Robinson_A
paper1091,Amari_S
paper1091,Cichocki_A
paper1091,Yang_H
paper1092,Gilloux_M
paper1092,Lemarie_B
paper1092,Leroux_M
paper1093,Alpaydin_E
paper1094,Shustorovich_A
paper1094,Thrasher_C
paper1095,Back_A
paper1095,Lawrence_S
paper1095,Tsoi_A
paper1096,Gold_S
paper1096,Pappu_S
paper1096,Rangarajan_A
paper1097,Koch_C
paper1097,Niebur_E
paper1098,Softky_W
paper1099,Alley_R
paper1099,Hubbard_R
paper1099,Marshall_J
paper109,Ahmad_S
paper109,Tesauro_G
paper10,Atiya_A
paper10,Bower_J
paper1100,Bartlett_M
paper1100,Ekman_P
paper1100,Hager_J
paper1100,Larsen_J
paper1100,Sejnowski_T
paper1100,Viola_P
paper1101,Ballard_D
paper1101,Hayhoe_M
paper1101,Rao_R
paper1101,Zelinsky_G
paper1102,Grunewald_A
paper1103,Pessoa_L
paper1103,Ross_W
paper1104,Schraudolph_N
paper1104,Sejnowski_T
paper1104,Viola_P
paper1105,Darrell_T
paper1105,Pentland_A
paper1106,Mel_B
paper1107,Baluja_S
paper1107,Kanade_T
paper1107,Rowley_H
paper1108,Doyle_H
paper1108,Munro_P
paper1108,Parmanto_B
paper1109,Matsuoka_Y
paper110,Tawel_R
paper1110,Stone_P
paper1110,Veloso_M
paper1111,Drees_A
paper1111,Littmann_E
paper1111,Ritter_H
paper1112,Jabri_M
paper1112,Wang_R
paper1113,Krogh_A
paper1113,Riis_S
paper1114,Darken_C
paper1114,Hanson_S
paper1114,Kuhn_G
paper1114,Marcantonio_A
paper1114,Petsehe_T
paper1114,Santoso_I
paper1115,Jung_T
paper1115,Makeig_S
paper1115,Sejnowski_T
paper1116,Allen_T
paper1116,Platt_J
paper1117,Choi_S
paper1117,Yeung_D
paper1118,Neuneier_R
paper1119,Baluja_S
paper1119,Caruana_R
paper1119,Mitchell_T
paper111,Hanson_S
paper111,Pratt_L
paper1120,Levin_A
paper1121,Campbell_P
paper1121,Dale_M
paper1121,Ferra_H
paper1121,Kowalczyk_A
paper1122,Bolouri_H
paper1122,Dixon_L
paper1122,Ferguson_A
paper1122,Kaye_P
paper1122,Sabisch._T
paper1123,Fukumura_N
paper1123,Tani_J
paper1124,Coelho_J
paper1124,Grupen_R
paper1124,Sitaramen_R
paper1125,Jordan_M
paper1125,Meila_M
paper1126,Annaswamy_A
paper1126,Yu_S
paper1127,Barto_A
paper1127,Crites_R
paper1128,Dietterich_T
paper1128,Zhang_W
paper1129,Jackson_G
paper1129,Murray_A
paper112,Linsker_R
paper1130,Sutton_R
paper1131,Roy_B
paper1131,Tsitsiklis_J
paper1132,Gordon_G
paper1133,Dayan_P
paper1133,Singh_S
paper1134,Moore_A
paper1134,Schneider_J
paper1135,Doya_K
paper1136,Jordan_M
paper1136,Sabes_P
paper1137,Barto_A
paper1137,Callan_J
paper1137,Papka_R
paper1138,Blair_A
paper1138,Pollack_J
paper1139,Dayan_P
paper1139,Riesenhuber_M
paper113,Gluck_M
paper113,Parker_D
paper113,Reifsnider_E
paper1140,Attias_H
paper1140,Schreiner_C
paper1141,Bair_W
paper1141,Cavanaugh_J
paper1141,Movshon_J
paper1142,Bricolo_E
paper1142,Logothetis_N
paper1142,Poggio_T
paper1143,Dayan_P
paper1144,Ferree_T
paper1144,Lockery_S
paper1144,Marcotte_B
paper1145,Gabbiani_F
paper1145,Koch_C
paper1145,Metznet_W
paper1145,Wessel_R
paper1146,Li_Z
paper1147,Deco_G
paper1147,Laskey_K
paper1147,Martignon_L
paper1147,Vaadia_E
paper1148,Archie_K
paper1148,Mel_B
paper1148,Ruderman_D
paper1149,Fanst_U
paper1149,Geisel_T
paper1149,Pawelzik_K
paper1149,Wolf_F
paper114,Leung_H
paper114,Zue_V
paper1150,Pouget_A
paper1150,Zhang_K
paper1151,Bisio_G
paper1151,Sabatini_S
paper1151,Solari_F
paper1152,Bartels_A
paper1152,Sejnowski_T
paper1152,Tang_A
paper1153,Siapas_A
paper1153,Somers_D
paper1153,Todorov_E
paper1154,Amari_S
paper1155,Bartlett_P
paper1156,Bos_S
paper1156,Opper_M
paper1157,Brightwell_G
paper1157,Kenyon_C
paper1157,Paugam-Moisy_H
paper1158,Burges_C
paper1158,Dmcker_H
paper1158,Kaufman_L
paper1158,Smola_A
paper1158,Vapnik_V
paper1159,Elisseeff_A
paper1159,Paugam-Moisy_H
paper115,Waibel_A
paper1160,Halkjaer_S
paper1160,Winther_O
paper1161,Heskes_T
paper1162,Kang_K
paper1162,Oh_J
paper1163,Ferni_H
paper1163,Kowalczyk_A
paper1164,Krzyzak_A
paper1164,Linder_T
paper1165,Littlestone_N
paper1165,Mesterharm_C
paper1166,Maass_W
paper1167,Maass_W
paper1167,Orponen_P
paper1168,Opper_M
paper1168,Winther_O
paper1169,Orr_G
paper116,Bengio_Y
paper116,Cardin_R
paper116,Cosi_P
paper116,De-Mori_R
paper1170,Parberry_I
paper1170,Tseng_H
paper1171,Noda_H
paper1171,Peper_F
paper1172,Morciniec_M
paper1172,Rohwer_R
paper1173,Saad_D
paper1173,Solla_S
paper1174,Jordan_M
paper1174,Saul_L
paper1175,Barber_D
paper1175,Sollich_P
paper1176,Golowich_S
paper1176,Smola_A
paper1176,Vapnik_V
paper1177,Nabney_I
paper1177,Saad_D
paper1177,West_A
paper1178,Williams_C
paper1179,Wong_K
paper117,Komura_M
paper117,Tanaka_A
paper1180,Adler_R
paper1180,Meir_R
paper1180,Zeevi_A
paper1181,Baluja_S
paper1182,Baram_Y
paper1183,Barber_D
paper1183,Bishop_C
paper1184,Barber_D
paper1184,Williams_C
paper1185,Bishop_C
paper1185,Qazaz_C
paper1186,Bishop_C
paper1186,Svensen_M
paper1186,Williams_C
paper1187,Blake_A
paper1187,Isard_M
paper1188,Bradley_P
paper1188,Mangasarian_O
paper1188,Street_W
paper1189,Burges_C
paper1189,Scholkopf_B
paper118,Smythe_E
paper1190,Burgess_A
paper1191,Caruana_R
paper1191,de-Sa_V
paper1192,Chatterjee_C
paper1192,Roychowdhury_V
paper1193,Clouse_D
paper1193,Cottrell_G
paper1193,Giles_C
paper1193,Horne_B
paper1194,Coetzee_F
paper1194,Stonick_V
paper1195,Cohn_D
paper1196,de-Bonet_J
paper1196,Isbell_C
paper1196,Viola_P
paper1197,Dunmur_A
paper1197,Titterington_D
paper1198,Finch_A
paper1198,Hancock_E
paper1198,Wilson_R
paper1199,Flexer_A
paper119,Bradshaw_G
paper119,Ceci_L
paper119,Fozzard_R
paper11,Banik_J
paper11,Bower_J
paper11,Wong_Y
paper1200,Frey_B
paper1201,Finke_M
paper1201,Fritsch_J
paper1201,Waibel_A
paper1202,Heskes_T
paper1203,Hochreiter_S
paper1203,Schmidhuber_J
paper1204,Hyvarinen_A
paper1204,Oja_E
paper1205,Jaakkola_T
paper1205,Jordan_M
paper1206,Ji_C
paper1206,Ma_S
paper1207,Ghahramani_Z
paper1207,Jordan_M
paper1207,Saul_L
paper1208,Kamimura_R
paper1209,Lee_D
paper1209,Seung_H
paper120,Goodman_R
paper120,Miller_J
paper120,Smyth_P
paper1210,Hornik_K
paper1210,Leiseh_F
paper1211,Lewicki_M
paper1211,Sejnowski_T
paper1212,Cowan_J
paper1212,Grier_D
paper1212,Lin_J
paper1213,Lowe_D
paper1213,Tipping_M
paper1214,Mathieson_M
paper1215,Jordan_M
paper1215,Meila_M
paper1216,Merz_C
paper1216,Pazzani_M
paper1217,Miller_D
paper1217,Uyar_H
paper1218,Cooper_G
paper1218,Monti_S
paper1219,Moody_J
paper1219,Rognvaldsson_T
paper121,Naillon_M
paper121,Theeten_J
paper1220,Munro_P
paper1220,Parmanto_B
paper1221,Amari_S
paper1221,Milllet_K
paper1221,Mumta_N
paper1221,Ziehe_A
paper1222,Leen_T
paper1222,Orr_G
paper1223,Parra_L
paper1223,Pearlmutter_B
paper1224,Gold_S
paper1224,Mjolsness_E
paper1224,Rangarajan_A
paper1224,Yuille_A
paper1225,Nakano_R
paper1225,Saito_K
paper1226,Abu-Mostafa_Y
paper1226,Sill_J
paper1227,Singer_Y
paper1227,Warmuth_M
paper1228,Smyth_P
paper1229,Riedmiller_M
paper1229,Stahlberger_A
paper122,Aazhang_B
paper122,Orsak_G
paper122,Paris_B
paper122,Varanasi_M
paper1230,Freeman_W
paper1230,Tenenbaum_J
paper1231,Neuneier_R
paper1231,Tresp_V
paper1231,Zimmermann_H
paper1232,Dayan_P
paper1232,Pouget_A
paper1232,Zemel_R
paper1233,Apsel_A
paper1233,Etienne-Cummings_R
paper1233,Mueller_P
paper1233,Takahashi_N
paper1233,VanderSpiegel_J
paper1234,Hiffiiger_P
paper1234,Mahowald_M
paper1234,Watts_L
paper1235,Chiang_Y
paper1235,Harris_J
paper1236,DeWeerth_S
paper1236,Horiuchi_T
paper1236,Koch_C
paper1236,Morris_T
paper1237,Iizuka_K
paper1237,Matsui_H
paper1237,Miyamoto_M
paper1238,Hasler_P
paper1238,Koch_C
paper1238,Kruger_W
paper1238,Minch_B
paper1239,Lazzaro_J
paper1239,Lippmann_R
paper1239,Wawrzynek_J
paper123,Ahalt_S
paper123,Garber_F
paper123,Jouny_I
paper123,Krishnamurthy_A
paper1240,Cauwenberghs_G
paper1240,Edwards_R
paper1240,Pineda_F
paper1241,Fragniere_E
paper1241,van-Schaik_A
paper1241,Vittoz_E
paper1242,Gray_M
paper1242,Movellan_J
paper1242,Sejnowski_T
paper1243,Bell_A
paper1243,Lambert_R
paper1243,Lee_T
paper1244,Matic_N
paper1244,Platt_J
paper1245,Neukirchen_C
paper1245,Rigoll_G
paper1246,Robel_A
paper1247,Sona_D
paper1247,Sperduti_A
paper1247,Starita_A
paper1248,Nelson_A
paper1248,Wan_E
paper1249,Cook_G
paper1249,Waterhouse_S
paper124,Cunningham_R
paper124,Seibert_M
paper124,Waxman_A
paper124,Wu_J
paper1250,Lyon_R
paper1250,Webb_B
paper1250,Yaeger_L
paper1251,Bartlett_M
paper1251,Sejnowski_T
paper1252,Becker_S
paper1253,Bell_A
paper1253,Sejnowski_T
paper1254,Bienenstock_E
paper1254,Geman_S
paper1254,Potter_D
paper1255,Bregler_C
paper1255,Malik_J
paper1256,Cowan_J
paper1256,Dimitrov_A
paper1257,Dong_D
paper1258,Gray_M
paper1258,Nowlan_S
paper1258,Pouget_A
paper1258,Sejnowski_T
paper1258,Zemel_R
paper1259,Grossberg_S
paper1259,Williamson_J
paper125,Hurlbert_A
paper125,Poggio_T
paper1260,Hancock_E
paper1260,Leite_J
paper1261,Cowan_J
paper1261,Dimitrov_A
paper1261,Mundel_T
paper1262,Cottrell_G
paper1262,Padgett_C
paper1263,Gautrals_J
paper1263,Thorpe_S
paper1264,Weiss_Y
paper1265,Finkel_L
paper1265,Yen_S
paper1266,Abramowicz_H
paper1266,Horn_D
paper1266,Naftaly_U
paper1266,Sahar-Pikielny_C
paper1267,Brown_T
paper1268,Cohn_D
paper1268,Singh_S
paper1269,Bengio_Y
paper1269,Ghosn_J
paper126,Pomerleau_D
paper1270,Dodier_R
paper1270,Mozer_M
paper1270,Vidmar_L
paper1271,Niranjan_M
paper1272,Band_P
paper1272,Bert_J
paper1272,Grace_J
paper1272,Plate_T
paper1273,Bertsekas_D
paper1273,Singh_S
paper1274,Ghosh_J
paper1274,Ramanujam_N
paper1274,Richards-Kortum_R
paper1274,Tumer_K
paper1275,Bone_D
paper1275,Wan_E
paper1276,Moody_J
paper1276,Wu_L
paper1277,Davies_S
paper1278,Doya_K
paper1279,Barto_A
paper1279,Duff_M
paper127,Alvelda_P
paper127,SanMartin_A
paper1280,Barto_A
paper1280,Hansen_E
paper1280,Zilberstein_S
paper1281,Pareigis_S
paper1282,Schaal_S
paper1283,Schneider_J
paper1284,Dayan_P
paper1284,Singh_S
paper1285,Sejnowski_T
paper1285,Stensmo_M
paper1286,Galperin_G
paper1286,Tesauro_G
paper1287,Tsitsiklis_J
paper1287,van-Roy_B
paper1288,Tsitsiklis_J
paper1288,van-Roy_B
paper1289,Baird_B
paper128,Baird_H
paper128,Denker_J
paper128,Gardner_W
paper128,Graf_H
paper128,Guyon_I
paper128,Henderson_D
paper128,Howard_R
paper128,Hubbard_W
paper128,Jackel_L
paper1290,Cohen_E
paper1290,Ruppin_E
paper1291,Cottrell_G
paper1291,Dailey_M
paper1292,Deneve_S
paper1292,Pouget_A
paper1293,Hadden_L
paper1294,Houde_J
paper1294,Jordan_M
paper1295,Foltz_P
paper1295,Laham_D
paper1295,Landauer_T
paper1296,Horn_D
paper1296,Levy_N
paper1296,Ruppin_E
paper1297,Cottrell_G
paper1297,Milostan_J
paper1298,Farah_M
paper1298,Mozer_M
paper1298,Sitton_M
paper1299,McClelland_J
paper1299,Norman_K
paper1299,O'Reilly_R
paper129,Mori_Y
paper129,Yokosawa_K
paper12,Bower_J
paper12,Wilson_M
paper1300,Rao_R
paper1301,Rodriguez_P
paper1301,Wiles_J
paper1302,Jabd_M
paper1302,Latimer_C
paper1302,Schenkel_M
paper1303,Attias_H
paper1303,Schreiner_C
paper1304,Berry_M
paper1304,Meister_M
paper1305,Dayan_P
paper1305,Long_T
paper1306,deCharms_R
paper1306,Merzenich_M
paper1307,deCharms_R
paper1307,de-Sa_V
paper1307,Merzenich_M
paper1308,Anastasio_T
paper1308,Dow_F
paper1309,Dayan_P
paper1309,Foster_D
paper1309,Morris_R
paper130,Goodman_J
paper130,Mighell_D
paper130,Wilkinson_T
paper1310,Goodhill_G
paper1311,Goodhill_G
paper1312,Brody_C
paper1312,Hopfield_J
paper1312,Roweis_S
paper1313,Braun_J
paper1313,Itti_L
paper1313,Koch_C
paper1313,Lee_D
paper1314,Kvale_M
paper1314,Schreiner_C
paper1315,Lumer_E
paper1316,Maass_W
paper1316,Zador_A
paper1317,Koch_C
paper1317,Manwani_A
paper1318,Archie_K
paper1318,Mel_B
paper1318,Ruderman_D
paper1319,Poggio_T
paper1319,Riesenhuber_M
paper131,Mel_B
paper1320,Andersen_R
paper1320,Pezaris_J
paper1320,Sahani_M
paper1321,Hamalainen_M
paper1321,Hari_R
paper1321,Jousmaki_V
paper1321,Oja_E
paper1321,Vigario_R
paper1322,Gallant_J
paper1322,Vinje_W
paper1323,Bartlett_P
paper1323,Baxter_J
paper1324,Bohossian_V
paper1324,Bruck_J
paper1325,Bartlett_P
paper1325,Golea_M
paper1325,Lee_W
paper1325,Mason_L
paper1326,Heskes_T
paper1327,Hyvarinen_A
paper1328,Kappen_H
paper1328,Rodriguez_F
paper1329,Kivinen_J
paper1329,Warmuth_M
paper132,Goldberg_K
paper132,Pearlmutter_B
paper1330,Koistinen_P
paper1331,Leen_T
paper1331,Saad_D
paper1331,Schottky_B
paper1332,Meir_R
paper1333,Kanter_I
paper1333,Kessler_D
paper1333,Priel_A
paper1334,Rattray_M
paper1334,Saad_D
paper1335,Hopfield_J
paper1335,Lagarias_J
paper1335,Richardson_T
paper1335,Seung_H
paper1336,Cristianini_N
paper1336,Shawe-Taylor_J
paper1337,Scholkopf_B
paper1337,Smola_A
paper1338,Lee_D
paper1338,Seung_H
paper1338,Socci_N
paper1339,Barber_D
paper1339,Sollich_P
paper133,Gelfand_J
paper133,Pearson_J
paper133,Peterson_R
paper133,Spence_C
paper133,Sullivan_W
paper1340,Vovk_V
paper1341,Vu_V
paper1342,Kwon_C
paper1342,Oh_J
paper1342,Xiong_Y
paper1343,Amari_S
paper1343,Yang_H
paper1344,Barber_D
paper1344,Bishop_C
paper1345,Barber_D
paper1345,Schottky_B
paper1346,Bengio_S
paper1346,Bengio_Y
paper1346,Isabelle_J
paper1346,Singer_Y
paper1347,Bishop_C
paper1347,Jaakkola_T
paper1347,Jordan_M
paper1347,Lawrence_N
paper1348,Blais_B
paper1348,Cooper_L
paper1348,Intrator_N
paper1348,Shouval_H
paper1349,Burger_M
paper1349,Graepel_T
paper1349,Obermayer_K
paper134,Keller_J
paper134,Miller_K
paper134,Stryker_M
paper1350,Cataltepe_Z
paper1350,Magdon-Ismail_M
paper1351,Cttien_S
paper1351,Mutz_D
paper1351,Stechert_A
paper1352,Cohen_W
paper1352,Schapire_R
paper1352,Singer_Y
paper1353,de-Freitas_J
paper1353,Gee_A
paper1353,Niranjan_M
paper1354,El-Yaniv_R
paper1354,Fine_S
paper1354,Tishby_N
paper1355,Bernier_O
paper1355,Feraud_R
paper1356,Frey_B
paper1356,MacKay_D
paper1357,Ghahramani_Z
paper1357,Hinton_G
paper1358,Bishop_C
paper1358,Goldberg_P
paper1358,Williams_C
paper1359,Grove_A
paper1359,Roth_D
paper135,Bower_J
paper135,Mead_C
paper135,Ryckebusch_S
paper1360,Hastie_T
paper1360,Tibshitani_R
paper1361,Buhmann_J
paper1361,Held_M
paper1362,Hofmann_R
paper1362,Tresp_V
paper1363,Buhmann_J
paper1363,Hofmann_T
paper1364,Horne_B
paper1364,Hush_D
paper1364,Lozano_F
paper1365,Hastie_T
paper1365,James_G
paper1366,Kiviluoto_K
paper1366,Oja_E
paper1367,Lewicki_M
paper1367,Sejnowski_T
paper1368,Lin_J
paper1369,Lozano-Perez_T
paper1369,Maron_O
paper136,Sejnowski_T
paper136,Stanton_P
paper1370,Marts_A
paper1371,Jordan_M
paper1371,Meila_M
paper1372,Metz_C
paper1373,Mineiro_P
paper1373,Movellan_J
paper1373,Williams_R
paper1374,Oh_J
paper1374,Seung_H
paper1375,Ratsaby_J
paper1376,Ring_M
paper1377,Roweis_S
paper1378,Atkeson_C
paper1378,Schaal_S
paper1378,Vijayahunar_S
paper1379,Scholkopf_B
paper1379,Simard_P
paper1379,Smola_A
paper1379,Vapnik_V
paper137,Hopfield_J
paper137,Li_Z
paper1380,Bengio_Y
paper1380,Schwenk_H
paper1381,Seung_H
paper1382,Sill_J
paper1383,Smyth_P
paper1383,Wolpert_D
paper1384,Palm_G
paper1384,Sommex_F
paper1385,Tenenbaum_J
paper1386,Hancock_E
paper1386,Wilson_R
paper1387,Yang_H
paper1388,Hirai_Y
paper1389,Liu_S
paper138,Bower_J
paper138,Nelson_M
paper138,Paulin_M
paper1390,DeWeerth_S
paper1390,Holleman_J
paper1390,Patel_G
paper1391,Hui_K
paper1391,Shi_B
paper1392,Kohlmorgen_J
paper1392,Muller_K
paper1392,Pawelzik_K
paper1393,Mineiro_P
paper1393,Movellan_J
paper1394,Rahim_M
paper1394,Saul_L
paper1395,Torkkola_K
paper1396,Rigoll_G
paper1396,Willett_D
paper1397,de-Bonet_J
paper1397,Viola_P
paper1398,Cross_A
paper1398,Hancock_E
paper1399,Freeman_W
paper1399,Viola_P
paper139,Alkon_D
paper139,Quek_F
paper139,Vogl_T
paper13,Brown_N
paper1400,Geiger_D
paper1400,Maloney_L
paper1400,Rudra_A
paper1401,Grunewald_A
paper1401,Neumann_H
paper1402,Henkel_R
paper1403,Lewicki_M
paper1403,Olshausen_B
paper1404,Lewis_M
paper1405,Kersten_D
paper1405,Liu_Z
paper1406,Mato_G
paper1406,Nadal_J
paper1406,Parga_N
paper1406,Turiel_A
paper1407,Lippman_A
paper1407,Vasconcelos_N
paper1408,Weiss_Y
paper1409,Baluja_S
paper140,Assad_C
paper140,Bower_J
paper140,Nelson_M
paper140,Rasnow_B
paper1410,de-Bonet_J
paper1410,Viola_P
paper1411,Cai_D
paper1411,Etienne-Cummings_R
paper1412,Harrison_R
paper1412,Koch_C
paper1413,Hornel_D
paper1414,Humphties_C
paper1414,Iragui_V
paper1414,Jung_T
paper1414,Lee_T
paper1414,Makeig_S
paper1414,McKeown_M
paper1414,Sejnowski_T
paper1415,Inbar_G
paper1415,Lange_D
paper1415,Pratt_H
paper1415,Siegelmann_H
paper1416,Lee_D
paper1416,Seung_H
paper1417,Ji_C
paper1417,Ma_S
paper1418,Marbach_P
paper1418,Mihatsch_O
paper1418,Schulte_M
paper1418,Tsitsiklis_J
paper1419,Brodley_C
paper1419,Cavazos_J
paper1419,Moss_E
paper1419,Precup_D
paper1419,Scheeff_D
paper1419,Stefanovic_D
paper1419,Utgoff_P
paper141,Miller_J
paper141,Zhang_J
paper1420,Neuneier_R
paper1421,Lin_M
paper1421,Miikkulainen_R
paper1421,Ryan_J
paper1422,Abu-Mostafa_Y
paper1422,Kasdan_H
paper1422,Sill_J
paper1422,Song_X
paper1423,Goodman_R
paper1423,Hawkins_J
paper1423,Spangler_R
paper1424,Dorffner_G
paper1424,Rappelsberger_P
paper1424,Sykacek_P
paper1424,Zeitlhofer_J
paper1425,Briegel_T
paper1425,Tresp_V
paper1426,Moteau_Y
paper1426,Timmerman_D
paper1426,Vandewalle_J
paper1426,Verrelst_H
paper1427,Williams_P
paper1428,Neuneier_R
paper1428,Zimmermann_H
paper1429,Andre_D
paper1429,Friedman_N
paper1429,Parr_R
paper142,Tanaka_S
paper1430,Atkeson_C
paper1431,Hansen_E
paper1432,Barto_A
paper1432,Monaco_J
paper1432,Ward_D
paper1433,Bourgine_P
paper1433,Munos_R
paper1434,Pareigis_S
paper1435,Parr_R
paper1435,Russell_S
paper1436,Precup_D
paper1436,Sutton_R
paper1437,Cohn_D
paper1437,Singh_S
paper1438,Szepesvfixi_C
paper1439,Nakashima_M
paper1439,Watanabe_A
paper1439,Yamaria_S
paper143,Baird_B
paper1440,Bhushan_N
paper1440,Shadmehr_R
paper1441,Chen_K
paper1441,Wang_D
paper1442,Becker_S
paper1442,Christianson_G
paper1443,Busey_T
paper1443,Cottrell_G
paper1443,Dailey_M
paper1444,Hamno_M
paper1444,Kawato_M
paper1444,Wolpert_D
paper1445,Love_B
paper1446,Liu_Z
paper1446,Weinshall_D
paper1447,Mozer_M
paper1448,Tenenbaum_J
paper1449,Abbott_L
paper1449,Song_S
paper144,Sereno_M
paper1450,Adorjan_P
paper1450,Obermayer_K
paper1451,Baraduc_P
paper1451,Burnod_Y
paper1451,Guigon_E
paper1452,Abbott_L
paper1452,Chance_F
paper1452,Nelson_S
paper1453,Chechik_G
paper1453,Meilijson_I
paper1453,Ruppin_E
paper1454,Deneve_S
paper1454,Latham_P
paper1454,Pouget_A
paper1455,Gat_I
paper1455,Tishby_N
paper1456,Courchesne_E
paper1456,Jung_T
paper1456,Makeig_S
paper1456,Sejnowski_T
paper1456,Townsend_J
paper1456,Westerfield_M
paper1457,Gerstner_W
paper1457,Kempter_R
paper1457,vanHemmen_J
paper1458,Koch_C
paper1458,Manwani_A
paper1459,Obermayer_K
paper1459,Piepenbrock_C
paper145,Arethor_F
paper145,Grzywacz_N
paper1460,Davidowitz_H
paper1460,Rinberg_D
paper1460,Tishby_N
paper1461,Schwartz_O
paper1461,Simoncelli_E
paper1462,Koch_C
paper1462,Stemmler_M
paper1463,Sompolinsky_H
paper1463,Yoon_H
paper1464,Dayan_P
paper1464,Zemel_R
paper1465,Barber_D
paper1465,Wiegerinck_W
paper1466,Bartlett_P
paper1466,Maiorov_V
paper1466,Meir_R
paper1467,Coolen_A
paper1467,Saad_D
paper1468,Campbell_C
paper1468,Cristianini_N
paper1468,Shawe-Taylor_J
paper1469,Coolen_A
paper1469,During_A
paper1469,Shemngton_D
paper146,Bhalla_U
paper146,Bower_J
paper146,Uhley_J
paper146,Wilson_M
paper1470,Ferrari-Trecate_G
paper1470,Opper_M
paper1470,Williams_C
paper1471,Gentile_C
paper1471,Warmuth_M
paper1472,Herschkowitz_D
paper1472,Nadal_J
paper1473,Amari_S
paper1473,Ikeda_S
paper1473,Nakahara_H
paper1474,Kabashima_Y
paper1474,Saad_D
paper1475,Karakoulas_G
paper1475,Shawe-Taylor_J
paper1476,Kearns_M
paper1476,Saul_L
paper1477,Homik_K
paper1477,Leisch_F
paper1477,Trapletti_A
paper1478,Dayan_P
paper1478,Li_Z
paper1479,Maass_W
paper1479,Sontag_E
paper147,Blum_A
paper147,Rivest_R
paper1480,Bartlett_P
paper1480,Baxter_J
paper1480,Mason_L
paper1481,Maiorov_V
paper1481,Meir_R
paper1482,Opper_M
paper1482,Vivarelli_F
paper1483,Opper_M
paper1483,Winther_O
paper1484,Coolen_A
paper1484,Rae_H
paper1484,Sollich_P
paper1485,Sakurai_A
paper1486,Bartlett_P
paper1486,Scholkopf_B
paper1486,Smola_A
paper1486,Williamson_R
paper1487,Beckmann_C
paper1487,Coolen_A
paper1487,Skantzos_N
paper1488,Sollich_P
paper1489,Tanaka_T
paper148,Bourlard_H
paper148,Wellekens_C
paper1490,Attias_H
paper1491,Bennett_K
paper1491,Demiriz_A
paper1492,Bersini_H
paper1492,Birattari_M
paper1492,Bontempi_G
paper1493,Bishop_C
paper1494,Blake_A
paper1494,Isard_M
paper1494,North_B
paper1495,Boyen_X
paper1495,Koller_D
paper1496,Briegel_T
paper1496,Tresp_V
paper1497,de-Freitas_J
paper1497,Doucet_A
paper1497,Gee_A
paper1497,Niranjan_M
paper1498,Friedman_N
paper1498,Singer_Y
paper1499,Gdalyahu_Y
paper1499,Weinshall_D
paper1499,Wennan_M
paper149,Cheng_R
paper149,Karo_M
paper14,Bruck_J
paper14,Goodman_J
paper1500,Ghahramani_Z
paper1500,Roweis_S
paper1501,Bollmann-Sdorra_P
paper1501,Graepel_T
paper1501,Herbrich_R
paper1501,Obermayer_K
paper1502,Canu_S
paper1502,Grandvalet_Y
paper1503,Buhmann_J
paper1503,Held_M
paper1503,Puzicha_J
paper1504,Hochreiter_S
paper1504,Schmidhuber_J
paper1505,Hofmann_T
paper1505,Jordan_M
paper1505,Puzicha_J
paper1506,Hoyer_P
paper1506,Hyvarinen_A
paper1506,Oja_E
paper1507,Isbell_C
paper1507,Viola_P
paper1508,Haussler_D
paper1508,Jaakkola_T
paper1509,Jebara_T
paper1509,Pentland_A
paper150,Chauvin_Y
paper1510,Kegl_B
paper1510,Krzyzak_A
paper1510,Linder_T
paper1510,Zeger_K
paper1511,Lee_T
paper1511,Lewicki_M
paper1511,Sejnowski_T
paper1512,Lee_D
paper1512,Sompolinsky_H
paper1513,Atiya_A
paper1513,Magdon-Ismail_M
paper1514,Marts_A
paper1514,Webb_A
paper1515,Mika_S
paper1515,Muller_K
paper1515,Ratsch_G
paper1515,Scholkopf_B
paper1515,Scholz_M
paper1515,Smola_A
paper1516,Moore_A
paper1517,Pelillo_M
paper1518,Platt_J
paper1519,Muller_K
paper1519,Onoda_T
paper1519,Ratsch_G
paper151,Pollack_J
paper1520,Bottou_L
paper1520,Haffner_P
paper1520,LeCun_Y
paper1520,Simard_P
paper1521,Singer_Y
paper1521,Warmuth_M
paper1522,Frieg_T
paper1522,Scholkopf_B
paper1522,Smola_A
paper1523,Tipping_M
paper1524,Ghahramani_Z
paper1524,Hinton_G
paper1524,Nakano_R
paper1524,Ueda_N
paper1525,Lippman_A
paper1525,Vasconcelos_N
paper1526,Vivarelli_F
paper1526,Williams_C
paper1527,Gao_F
paper1527,Klein_B
paper1527,Klein_R
paper1527,Lin_X
paper1527,Wahba_G
paper1527,Xiang_D
paper1528,Dhawan_A
paper1528,Wheeler_K
paper1529,Adams_N
paper1529,Williams_C
paper152,Santos_E
paper1530,Coughlan_J
paper1530,Yuille_A
paper1531,Cichocki_A
paper1531,Zhang_L
paper1532,Cauwenberghs_G
paper1532,Waskiewicz_J
paper1533,Cho_J
paper1533,Lee_S
paper1534,Coggins_R
paper1534,Jabri_M
paper1534,Wang_R
paper1535,Cauwenberghs_G
paper1535,Edwards_R
paper1535,Pineda_F
paper1536,Etienne-Cummings_R
paper1536,Ghani_M
paper1536,Gruev_V
paper1537,Harris_J
paper1537,Principe_J
paper1537,Pu_C
paper1538,Higgins_C
paper1538,Koch_C
paper1539,Douglas_R
paper1539,Stocker_A
paper153,Dyer_M
paper153,Lange_T
paper1540,Austin_J
paper1540,Kennedy_J
paper1540,Zhou_P
paper1541,Brand_M
paper1542,Lewicki_M
paper1542,Sejnowski_T
paper1543,Neukirchen_C
paper1543,Rigoll_G
paper1544,Hogden_J
paper1544,Nix_D
paper1545,Rahim_M
paper1545,Saul_L
paper1546,Coughlan_J
paper1546,Yuille_A
paper1547,Darrell_T
paper1548,Freeman_W
paper1548,Pasztor_E
paper1549,Forsyth_D
paper1549,Ioffe_S
paper154,Hendler_J
paper1550,Braun_J
paper1550,Itti_L
paper1550,Koch_C
paper1550,Lee_D
paper1551,Li_Z
paper1552,Phillips_P
paper1553,Rao_R
paper1553,Ruderman_D
paper1554,Rosenholtz_R
paper1555,Leen_T
paper1555,Pavel_M
paper1555,Sharma_R
paper1556,Thomber_K
paper1556,Williams_L
paper1557,Gdalyahu_Y
paper1557,Jacobs_D
paper1557,Weinshall_D
paper1558,Baluja_S
paper1559,Baluja_S
paper155,Borisyuk_G
paper155,Borisyuk_R
paper155,Chulaevsky_V
paper155,Kirillov_A
paper155,Kovalenko_Y
paper155,Kryukov_V
paper155,Makarenko_V
paper1560,Cornford_D
paper1560,Nabney_I
paper1560,Williams_C
paper1561,Abramowicz_H
paper1561,Dror_G
paper1561,Horn_D
paper1562,Granger_E
paper1562,Grossberg_S
paper1562,Rubin_M
paper1562,Streilein_W
paper1563,Grzeszczuk_R
paper1563,Hinton_G
paper1563,Terzopoulos_D
paper1564,Hollmen_J
paper1564,Tresp_V
paper1565,Cross_A
paper1565,Hancock_E
paper1565,Huet_B
paper1566,McGovern_A
paper1566,Moss_E
paper1567,Jebara_T
paper1567,Moghaddam_B
paper1567,Pentland_A
paper1568,Moody_J
paper1568,Saffell_M
paper1569,Oliver_N
paper1569,Pentland_A
paper1569,Rosario_B
paper156,Marcus_C
paper156,Westervelt_R
paper1570,Borger_J
paper1570,Brabant_G
paper1570,Prank_K
paper1570,Schofl_C
paper1570,von-zur-Muhlen_A
paper1571,Sajda_P
paper1571,Spence_C
paper1572,Hansen_V
paper1572,Murray-Smith_R
paper1572,Williamson_M
paper1573,Frank_J
paper1573,Turner_K
paper1573,Wolpert_D
paper1574,Al-Ansari_M
paper1574,Williams_R
paper1575,Baird_L
paper1575,Moore_A
paper1576,Brown_L
paper1576,Gonye_G
paper1576,Schwaber_J
paper1577,Brown_T
paper1577,Singh_S
paper1577,Tong_H
paper1578,Hayashi_A
paper1578,Suematsu_N
paper1579,Kearns_M
paper1579,Singh_S
paper157,Beer_R
paper157,Chiel_H
paper157,Sterling_L
paper1580,Koenig_S
paper1581,Loch_J
paper1582,Barto_A
paper1582,Moll_R
paper1582,Perkins_T
paper1582,Sutton_R
paper1583,Moore_A
paper1583,Munos_R
paper1584,Mihatsch_O
paper1584,Neuneier_R
paper1585,Oyama_E
paper1585,Tachi_S
paper1586,Randlov_J
paper1587,Ishii_S
paper1587,Sato_M
paper1588,Hayashi_A
paper1588,Suematsu_N
paper1589,Precup_D
paper1589,Ravindran_B
paper1589,Singh_S
paper1589,Sutton_R
paper158,Rogers_D
paper1590,Singh_S
paper1590,Williams_J
paper1591,Ballard_D
paper1591,Bayliss_J
paper1592,Deco_G
paper1592,Zihl_J
paper1593,Ghiselli-Crippa_T
paper1593,Munro_P
paper1594,Dayan_P
paper1594,Kakade_S
paper1595,Lee_S
paper1595,Mozer_M
paper1596,Liu_X
paper1596,Wang_D
paper1597,McClelland_J
paper1597,Movellan_J
paper1598,Dorffner_G
paper1598,Parfitt_S
paper1598,Tifio_P
paper1599,Tenenbaum_J
paper159,Bilbro_G
paper159,Snyder_W
paper15,Burr_D
paper1600,Blair_A
paper1600,Tonkes_B
paper1600,Wiles_J
paper1601,Postma_E
paper1601,van-den-Bosch_A
paper1601,Weijters_T
paper1602,Mozer_M
paper1602,Zemel_R
paper1603,Adorjan_P
paper1603,Obermayer_K
paper1603,Piepenbrock_C
paper1603,Schwabe_L
paper1604,Chechik_G
paper1604,Meilijson_I
paper1604,Ruppin_E
paper1605,Chklovskii_D
paper1605,Stevens_C
paper1606,Chklovskii_D
paper1607,Eurich_C
paper1607,Schwegler_H
paper1607,Wilke_S
paper1608,Brown_A
paper1608,Hinton_G
paper1609,Horn_D
paper1609,Levy_N
paper1609,Meilijson_I
paper1609,Ruppin_E
paper160,Leinbach_J
paper1610,Li_Z
paper1611,Koch_C
paper1611,Manwani_A
paper1611,Steinmetz_P
paper1612,Hernandez_G
paper1612,Munro_P
paper1613,Mel_B
paper1613,Poirazi_P
paper1614,Rao_R
paper1614,Sejnowski_T
paper1615,Parga_N
paper1615,Renart_A
paper1615,Rolls_E
paper1616,Schneidman_E
paper1616,Segev_I
paper1616,Tishby_N
paper1617,Hely_T
paper1617,Pearlmutter_B
paper1617,Tang_A
paper1617,Weisend_M
paper1617,Zibulevsky_M
paper1618,Amari_S
paper1618,Murata_N
paper1618,Nakahara_H
paper1618,Wu_S
paper1619,Seung_H
paper1619,Xie_X
paper161,Kryukov_V
paper1620,Attias_H
paper1621,Buhmann_J
paper1621,Held_M
paper1622,Burges_C
paper1622,Crisp_D
paper1623,Chapelle_O
paper1623,Vapnik_V
paper1624,Coolen_A
paper1624,Mace_C
paper1625,Burges_C
paper1625,Crisp_D
paper1626,Csato_L
paper1626,Fokoue_E
paper1626,Opper_M
paper1626,Schottky_B
paper1626,Winther_O
paper1627,Duffy_N
paper1627,Helmbold_D
paper1628,Hansen_L
paper1629,Kabashima_Y
paper1629,Murayama_T
paper1629,Saad_D
paper1629,Vicente_R
paper162,Anandan_P
paper162,Gindi_G
paper162,Mjolsness_E
paper1630,Barron_A
paper1630,Li_J
paper1631,Li_S
paper1631,Wong_K
paper1632,Maass_W
paper1633,Mansour_Y
paper1633,McAllester_D
paper1634,Bengio_Y
paper1634,Nadeau_C
paper1635,Cowan_J
paper1635,Ohira_T
paper1635,Sato_Y
paper1636,Gordon_M
paper1636,Risau-Gusman_S
paper1637,Schmitt_M
paper1638,Ben-Hut_A
paper1638,Roitershtein_A
paper1638,Siegelmann_H
paper1639,Scholkopf_B
paper1639,Shawe-Taylor_J
paper1639,Smola_A
paper1639,Williamson_R
paper163,Touretzky_D
paper1640,Sollich_P
paper1641,Watanabe_S
paper1642,Amari_S
paper1642,Cichocki_A
paper1642,Zhang_L
paper1643,Zhang_T
paper1644,Andrieu_C
paper1644,de-Freitas_J
paper1644,Doucet_A
paper1645,Attias_H
paper1646,Barber_D
paper1646,Sollich_P
paper1647,Bengio_S
paper1647,Bengio_Y
paper1648,Briegel_T
paper1648,Tresp_V
paper1649,Carreira-Perpinan_M
paper164,Abu-Mostafa_Y
paper164,Erlanson_R
paper164,Majani_E
paper1650,Chapelle_O
paper1650,Vapnik_V
paper1650,Weston_J
paper1651,Downs_O
paper1651,Lee_D
paper1651,MacKay_D
paper1652,Flake_G
paper1652,Pearlmutter_B
paper1653,Frey_B
paper1654,Beal_M
paper1654,Ghahramani_Z
paper1655,Graepel_T
paper1655,Herbrich_R
paper1655,Obermayer_K
paper1656,Ghahramani_Z
paper1656,Hinton_G
paper1656,Teh_Y
paper1657,Jaakkola_T
paper1657,Jebara_T
paper1657,Meila_M
paper1658,Frey_B
paper1658,Jojic_N
paper1659,Laskov_P
paper165,Cleeremans_A
paper165,McClelland_J
paper165,Servan-Schreiber_D
paper1660,Lee_D
paper1660,Rokni_U
paper1660,Sompolinsky_H
paper1661,Li_Y
paper1661,Long_P
paper1662,Margaritis_D
paper1662,Thrun_S
paper1663,Bartlett_P
paper1663,Baxter_J
paper1663,Frean_M
paper1663,Mason_L
paper1664,Mesterharm_C
paper1665,Mika_S
paper1665,Muller_K
paper1665,Ratsch_G
paper1665,Scholkopf_B
paper1665,Smola_A
paper1665,Weston_J
paper1666,Jordan_M
paper1666,Ng_A
paper1667,Hastie_T
paper1667,Ormoneit_D
paper1668,Cristianini_N
paper1668,Platt_J
paper1668,Shawe-Taylor_J
paper1669,Rasmussen_C
paper166,Winter_C
paper1670,Mika_S
paper1670,Muller_K
paper1670,Onoda_T
paper1670,Ratsch_G
paper1670,Scholkopf_B
paper1670,Smola_A
paper1671,Roth_V
paper1671,Steinhage_V
paper1672,Rusmevichiemong_P
paper1672,van-Roy_B
paper1673,Platt_J
paper1673,Scholkopf_B
paper1673,Shawe-Taylor_J
paper1673,Smola_A
paper1673,Williamson_R
paper1674,Schuster_M
paper1675,Schuurmans_D
paper1676,Seeger_M
paper1677,Singer_Y
paper1678,Slonim_N
paper1678,Tishby_N
paper1679,Ogawa_H
paper1679,Sugiyama_M
paper167,Eisenberg_J
paper167,Feld_D
paper167,Lewis_E
paper1680,Keerthi_S
paper1680,Sundararajan_S
paper1681,Sykacek_P
paper1682,Dorffner_G
paper1682,Tifio_P
paper1683,Tipping_M
paper1684,Mukherjee_S
paper1684,Vapnik_V
paper1685,Nelson_A
paper1685,van-der-Merwe_R
paper1685,Wan_E
paper1686,Freeman_W
paper1686,Weiss_Y
paper1687,Williams_C
paper1688,Moody_J
paper1688,Yang_H
paper1689,Baram_Y
paper1689,Zlochin_M
paper168,Hamilton_A
paper168,Murray_A
paper168,Tarassenko_L
paper1690,Husbands_P
paper1690,Isbell_C
paper1691,Gyger_S
paper1691,Landolt_O
paper1692,Liu_S
paper1693,Brown_E
paper1693,DeWeerth_S
paper1693,Patel_G
paper1694,Calabrese_R
paper1694,Cymbalyuk_G
paper1694,DeWeerth_S
paper1694,Patel_G
paper1695,van-Schaik_A
paper1696,Brown_G
paper1696,Wang_D
paper1697,Hansen_L
paper1697,Hojen-Sorensen_P
paper1697,Rasmussen_C
paper1698,Carlile_S
paper1698,Jin_C
paper1699,Carlile_S
paper1699,Corderoy_A
paper1699,Jin_C
paper1699,van-Schaik_A
paper169,Cole_C
paper169,Meador_J
paper16,Carley_L
paper1700,Jourjine_A
paper1700,Rickard_S
paper1700,Rosca_J
paper1700,Ruanaidh_J
paper1701,Roweis_S
paper1702,Giannakopoulos_X
paper1702,Schraudolph_N
paper1703,de-Freitas_J
paper1703,Niranjan_M
paper1703,Robinson_T
paper1703,Smith_G
paper1704,Hermansky_H
paper1704,Yang_H
paper1705,Hershey_J
paper1705,Movellan_J
paper1706,Freeman_W
paper1706,Howe_N
paper1706,Levemon_M
paper1707,Hoyer_P
paper1707,Hyvarrinen_A
paper1708,Lee_T
paper1708,Yu_S
paper1709,Millman_K
paper1709,Olshausen_B
paper170,Harris_J
paper1710,Parra_L
paper1710,Spence_C
paper1711,Simoncelli_E
paper1711,Wainwright_M
paper1712,Ahuja_N
paper1712,Roth_D
paper1712,Yang_M
paper1713,Yang_Z
paper1713,Zemel_R
paper1714,Bakker_R
paper1714,Coppens_M
paper1714,Giles_C
paper1714,Schouten_J
paper1714,Takens_F
paper1714,van-den-Bleek_C
paper1715,Bartlett_M
paper1715,Donato_G
paper1715,Ekman_P
paper1715,Hager_J
paper1715,Movellan_J
paper1715,Sejnowski_T
paper1716,Brown_T
paper1717,Fisher_J
paper1717,Ihler_A
paper1717,Viola_P
paper1718,Golden_R
paper1719,Holmann_T
paper171,Darling_R
paper171,Nabet_B
paper171,Pinter_R
paper1720,Liao_Y
paper1720,Moody_J
paper1721,Castafio_R
paper1721,Mann_T
paper1721,Mjolsness_E
paper1721,Wold_B
paper1722,Grimes_D
paper1722,Johnson_E
paper1722,Kaushansky_H
paper1722,Mozer_M
paper1722,Wolniewicz_R
paper1723,Muller_K
paper1723,Parra_L
paper1723,Sajda_P
paper1723,Spence_C
paper1723,Ziehe_A
paper1724,Lund_J
paper1724,Mayhew_J
paper1724,McLoughlin_N
paper1724,Obermayer_K
paper1724,Schiegl_I
paper1724,Schoner_H
paper1724,Stetter_M
paper1725,Kearns_M
paper1725,Litman_D
paper1725,Singh_S
paper1725,Walker_M
paper1726,Abu-Mostafa_Y
paper1726,Kasdan_H
paper1726,Sill_J
paper1726,Song_X
paper1727,Dom_B
paper1727,Vaithyanathan_S
paper1728,Lippman_A
paper1728,Vasconcelos_N
paper1729,Choi_S
paper1729,Yeung_D
paper1729,Zhang_N
paper172,Lazzaro_J
paper172,Mahowald_M
paper172,Mead_C
paper172,Ryckebusch_S
paper1730,Dietterich_T
paper1731,Kearns_M
paper1731,Mansour_Y
paper1731,Ng_A
paper1732,Konda_V
paper1732,Tsitsiklis_J
paper1733,Murphy_K
paper1734,Koller_D
paper1734,Ng_A
paper1734,Parr_R
paper1735,Boe_G
paper1735,Gerules_M
paper1735,Johnson_D
paper1735,Keeler_J
paper1735,Martin_G
paper1735,Piche_S
paper1736,Koller_D
paper1736,Parr_R
paper1736,Rodriguez_A
paper1737,Roy_N
paper1737,Thrun_S
paper1738,Sallans_B
paper1739,Mansour_Y
paper1739,McAllester_D
paper1739,Singh_S
paper1739,Sutton_R
paper173,Blackman_D
paper173,Chiu_T
paper173,Clare_T
paper173,Dao_J
paper173,Donham_C
paper173,Hsieh_T
paper173,Loinaz_M
paper173,Mueller_P
paper173,VanderSpiegel_J
paper1740,Thrun_S
paper174,Delbruck_T
paper174,Mead_C
paper175,Allinson_N
paper175,Johnson_M
paper175,Moon_K
paper176,Gilbert_S
paper176,Mann_J
paper177,Allen_R
paper177,Alspector_J
paper177,Gupta_B
paper178,Howard_R
paper178,Hubbard_W
paper178,Schwartz_D
paper179,Hartstein_A
paper179,Koch_R
paper17,Cheung_J
paper17,Omidvar_M
paper180,Afghan_A
paper180,Akers_L
paper180,Haghighi_S
paper180,Walker_M
paper181,Andreou_A
paper182,Braitenberg_V
paper183,Konishi_M
paper184,Bridle_J
paper185,Miller_J
paper186,Simmons_J
paper187,Pearson_J
paper187,Spence_C
paper188,Harris-Warrick_R
paper189,Fang_Y
paper189,Lockery_S
paper189,Sejnowski_T
paper18,Chiueh_T
paper18,Goodman_R
paper190,Bialek_W
paper190,de-Ruyter-van-Steveninck_R
paper190,Rieke_F
paper190,Warland_D
paper191,Beer_R
paper191,Chiel_H
paper192,Grajski_K
paper192,Merzenich_M
paper193,Bower_J
paper193,Nelson_M
paper194,Baird_B
paper195,Holmes_P
paper195,Kammen_D
paper195,Koch_C
paper196,Bower_J
paper196,Wilson_M
paper197,Cowan_J
paper197,Friedman_A
paper198,Cohen_J
paper198,Printz_H
paper198,Servan-Schreiber_D
paper199,Bialek_W
paper199,Crair_M
paper19,Chou_P
paper1,Abu-Mostafa_Y
paper200,Bower_J
paper200,Lee_M
paper201,Kammen_D
paper201,Softky_W
paper202,Chemjavsky_A
paper202,Moody_J
paper203,Fetz_E
paper203,Kenyon_G
paper203,Puff_R
paper204,Rhodes_P
paper205,Tang_D
paper206,Lee_Y
paper206,Lippmann_R
paper207,Hinton_G
paper207,Lang_K
paper208,Bourlard_H
paper208,Morgan_N
paper209,Huang_W
paper209,Lippmann_R
paper20,Chover_J
paper210,Hampshire_J
paper210,Waibel_A
paper211,Bridle_J
paper212,Bengio_Y
paper212,Cardin_R
paper212,De-Mori_R
paper213,Mann_J
paper214,Goldstein_M
paper214,Jenkins_R
paper214,Sejnowski_T
paper214,Yuhas_B
paper215,Lee_S
paper216,Malkoff_D
paper217,Seibert_M
paper217,Waxman_A
paper218,Hinton_G
paper218,Mozer_M
paper218,Zemel_R
paper219,Btilthoff_H
paper219,Edelman_S
paper219,Weinshall_D
paper21,Coon_D
paper21,Perera_A
paper220,Kanerva_P
paper221,Viola_P
paper222,Inui_T
paper222,Kawato_M
paper222,Miyake_S
paper222,Okamoto_T
paper223,Donnett_J
paper223,Smithers_T
paper224,Atkeson_C
paper225,Jacobs_R
paper225,Jordan_M
paper226,Hormel_M
paper227,Carter_M
paper227,Nucci_A
paper227,Rudolph_F
paper228,Dembo_A
paper228,Farotimi_O
paper228,Kailath_T
paper229,Reklaitis_G
paper229,Tenorio_M
paper229,Tsirukis_A
paper22,Dembo_A
paper22,Zeitouni_O
paper230,Jain_A
paper230,Waibel_A
paper231,Touretzky_D
paper231,Wheeler_D
paper232,Chen_D
paper232,Chen_H
paper232,Giles_C
paper232,Lee_Y
paper232,Sun_G
paper233,Miller_M
paper233,Smith_K
paper234,Boser_B
paper234,Denker_J
paper234,Henderson_D
paper234,Howard_R
paper234,Hubbard_W
paper234,Jackel_L
paper234,LeCun_Y
paper235,Martin_G
paper235,Pittman_J
paper236,Joe_K
paper236,Mori_Y
paper237,Agin_P
paper237,Bengio_S
paper237,Bengio_Y
paper237,Pouliot_Y
paper238,Elvgren_G
paper238,Touretzky_D
paper239,Bachrach_J
paper239,Mozer_M
paper23,Denker_J
paper23,Wittner_B
paper240,Guha_A
paper240,Harp_S
paper240,Samad_T
paper241,Rogers_D
paper242,Tesauro_G
paper242,Wejchert_J
paper243,Koch_C
paper243,Mel_B
paper244,Keeler_J
paper244,Saha_A
paper245,Bell_A
paper246,Barhen_J
paper246,Gulati_S
paper246,Toomarian_N
paper247,Galland_C
paper247,Hinton_G
paper248,Grossman_T
paper249,Fahlman_S
paper249,Lebiere_C
paper24,Derthick_M
paper24,Tebelskis_J
paper250,Hanson_S
paper251,Kassebaum_J
paper251,Schaefers_C
paper251,Tenorio_M
paper252,Ackley_D
paper252,Littman_M
paper253,Rohwer_R
paper254,Atlas_L
paper254,Cohn_D
paper254,Ladnet_R
paper255,Nowlan_S
paper256,Toomarian_N
paper256,Zak_M
paper257,Abu-Mostafa_Y
paper257,Atiya_A
paper258,Denker_J
paper258,LeCun_Y
paper258,Solla_S
paper259,Ahmad_S
paper259,He_Y
paper259,Tesauro_G
paper25,Dreyfus_G
paper25,Guyon_I
paper25,Nadal_J
paper25,Personnaz_L
paper260,Blanz_W
paper260,Gish_S
paper261,Atlas_L
paper261,Barnard_E
paper261,Cole_R
paper261,Connor_J
paper261,El-Sharkawi_M
paper261,Marks_R
paper261,Muthusamy_Y
paper262,Bourlard_H
paper262,Morgan_N
paper263,Zipser_D
paper264,Chauvin_Y
paper265,Lincoln_W
paper265,Skrzypek_J
paper266,Geiger_D
paper266,Girosi_F
paper267,Dembo_A
paper267,Kailath_T
paper267,Siu_K
paper268,Baum_E
paper269,Barto_A
paper269,Sutton_R
paper269,Watkins_C
paper26,Eeckman_F
paper270,MacKay_D
paper270,Miller_K
paper271,Obradovic_Z
paper271,Parberry_I
paper272,Pineda_F
paper273,Intrator_N
paper274,Baldi_P
paper274,Rinott_Y
paper274,Stein_C
paper275,Hertz_J
paper275,Krogh_A
paper275,Thorbergsson_C
paper276,DeWeerth_S
paper276,Mead_C
paper277,Bair_W
paper277,Harris_J
paper277,Horiuchi_T
paper277,Hsu_A
paper277,Koch_C
paper277,Luo_J
paper278,Graf_H
paper278,Satyanarayana_S
paper278,Tsividis_Y
paper279,Duong_T
paper279,Moopenn_A
paper279,Thakoor_A
paper27,Ersu_E
paper27,Tolle_H
paper280,Platt_J
paper281,Brownlow_M
paper281,Hamilton_A
paper281,Han_I
paper281,Murray_A
paper281,Reekie_H
paper281,Tarassenko_L
paper282,Chiueh_T
paper282,Goodman_R
paper283,Mckenna_M
paper283,Mesirov_J
paper283,Waltz_D
paper283,Zhang_X
paper284,Fortes_J
paper284,Nunez_F
paper285,Smotroff_I
paper286,Cowan_J
paper287,Cowen_J
paper287,Friedman_A
paper288,Obermayer_K
paper288,Ritter_H
paper288,Schulten_K
paper289,Tanaka_S
paper28,Fernandez_M
paper290,Cowen_J
paper290,Friedman_A
paper291,Anastasio_T
paper292,Brown_T
paper292,Claiborne_B
paper292,Mainen_Z
paper292,Zador_A
paper293,Anderson_B
paper293,Bower_J
paper293,Hasselmo_M
paper294,Abbott_L
paper294,Kepler_T
paper294,Marder_E
paper295,Cowen_J
paper296,Leen_T
paper297,Miranker_W
paper297,Mjolsness_E
paper298,Gerstner_W
paper299,Baird_B
paper299,Eeckman_F
paper29,Fetz_E
paper2,Allen_R
paper2,Alspector_J
paper2,Hu_V
paper2,Satyanarayana_S
paper300,Marcus_C
paper300,Waugh_F
paper300,Westervelt_R
paper301,Raysz_J
paper301,Simard_P
paper301,Victorri_B
paper302,Barhen_J
paper302,Toomarian_N
paper303,Kammen_D
paper303,Koch_C
paper303,Niebur_E
paper303,Ruderman_D
paper303,Schuster_H
paper304,Longtin_A
paper305,Bialek_W
paper305,Kruglyak_L
paper306,Levin_E
paper307,Bodenhausen_U
paper307,Waibel_A
paper308,de-Vries_B
paper308,Principe_J
paper309,Sorheim_E
paper30,Fleisher_M
paper310,Herz_A
paper310,Li_Z
paper310,vanHemmen_J
paper311,Kuh_A
paper311,Petsche_T
paper311,Rivest_R
paper312,Fahlman_S
paper313,Petek_B
paper313,Schmidbauer_O
paper313,Tebelskis_J
paper313,Waibel_A
paper314,Allen_R
paper314,Kamm_C
paper315,Bourlard_H
paper315,Morgan_N
paper315,Wooters_C
paper316,Cole_R
paper316,Fanty_M
paper317,Iso_K
paper317,Watanabe_T
paper318,Bridle_J
paper318,Cox_S
paper319,Intrator_N
paper31,Gately_M
paper320,Glass_J
paper320,Leung_H
paper320,Phillips_M
paper320,Zue_V
paper321,Glass_J
paper321,Goodine_D
paper321,Hirschman_L
paper321,Leung_H
paper321,Phillips_M
paper321,Polifroni_J
paper321,Seneft_S
paper321,Zue_V
paper322,Choukri_K
paper323,Moore_P
paper323,Nachtigall_P
paper323,Penner_R
paper323,Roitblat_H
paper324,Tam_D
paper325,Pearson_J
paper325,Spence_C
paper325,Sverdlove_R
paper326,Hinton_G
paper326,Zemel_R
paper327,Tresp_V
paper328,Goggin_S
paper328,Gustafson_K
paper328,Johnson_K
paper329,Sereno_M
paper32,Gaudiano_P
paper330,Khotanzad_A
paper330,Lee_Y
paper331,Shashua_A
paper331,Ullman_S
paper332,Mingolla_E
paper333,Koch_C
paper333,Mathur_B
paper333,Wang_H
paper334,Weinshall_D
paper335,Bialek_W
paper335,Ruderman_D
paper335,Zee_A
paper336,Allman_J
paper336,Fox_G
paper336,Goodman_R
paper336,Moore_A
paper337,Bialek_W
paper337,Owen_W
paper337,Rieke_F
paper338,Eeckman_F
paper338,Teeters_J
paper338,Werblin_F
paper339,Skrzypek_J
paper33,Giles_C
paper33,Griffin_R
paper33,Maxwell_T
paper340,Bair_W
paper340,Koch_C
paper341,Horiuchi_T
paper341,Koch_C
paper341,Lazzaro_J
paper341,Moore_A
paper342,Chauvin_Y
paper342,Golden_R
paper342,Henkle_V
paper342,Schley_C
paper343,Brownlow_M
paper343,Marshall_G
paper343,Murray_A
paper343,Tarassenko_L
paper343,Tombs_J
paper344,Pomerleau_D
paper345,Katayama_M
paper345,Kawato_M
paper346,Cummings_K
paper346,Frye_R
paper346,Reitman_E
paper347,Linden_A
paper347,Moller_K
paper347,Thrun_S
paper348,Bachrach_J
paper349,Dayan_P
paper34,Golden_R
paper350,Sutton_R
paper351,Guha_A
paper352,Goodwin_J
paper352,Rosen_B
paper352,Vidal_J
paper353,Guyon_I
paper353,Milito_R
paper353,Solla_S
paper354,Schmidhuber_J
paper355,Beer_R
paper355,Chiel_H
paper355,Kacmarcik_G
paper355,Ritzmann_R
paper356,Faller_W
paper356,Luttges_M
paper357,Bohr_H
paper357,Bohr_J
paper357,Brunak_S
paper357,Cotterill_R
paper357,Fredholm_H
paper357,Lautmp_B
paper357,Petersen_S
paper358,Noordewier_M
paper358,Shavlik_J
paper358,Towell_G
paper359,Marko_K
paper35,Ambros-Ingerson_J
paper35,Granger_R
paper35,Henry_H
paper35,Lynch_G
paper360,Baumgardt_D
paper360,Perry_J
paper361,Collard_J
paper362,Keeler_J
paper362,Leow_W
paper362,Rumelhart_D
paper363,Cottrell_G
paper363,Metcalfe_J
paper364,Golomb_B
paper364,Lawrence_D
paper364,Sejnowski_T
paper365,Hayashi_Y
paper366,Abu-Mostafa_Y
paper366,Erlanson_R
paper367,Legendre_G
paper367,Miyata_Y
paper367,Smolensky_P
paper368,Munro_P
paper368,Tabasko_M
paper369,Gasser_M
paper369,Lee_C
paper36,Hammerstrom_D
paper370,Touretzky_D
paper370,Wheeler_D
paper371,Pollack_J
paper372,Mozer_M
paper373,Bain_J
paper373,Dennis_S
paper373,Humphreys_M
paper373,Wiles_J
paper374,Ruppin_E
paper374,Yeshurun_Y
paper375,Kruschke_J
paper376,Gluck_M
paper376,Hanson_S
paper377,Kannappan_S
paper377,Shepard_R
paper378,Freidman_J
paper379,Flax_M
paper379,Gelfand_J
paper379,Handelman_D
paper379,Lane_S
paper37,Burr_D
paper37,Hanson_S
paper380,Omohundro_S
paper381,Sanger_T
paper382,Atkeson_C
paper382,Botros_S
paper383,Platt_J
paper384,Fallside_F
paper384,Kadirkamanathan_V
paper384,Niranjan_M
paper385,Christian_J
paper385,Saha_A
paper385,Tang_D
paper385,Wu_C
paper386,Baldi_P
paper387,Krishnaprasad_P
paper387,Pati_Y
paper388,Caprile_B
paper388,Girosi_F
paper388,Poggio_T
paper389,Mel_B
paper389,Omohundro_S
paper38,Hinton_G
paper38,McClelland_J
paper390,Jacobs_R
paper390,Jordan_M
paper391,Hinton_G
paper391,Nowlan_S
paper392,Bottou_L
paper392,Gallinari_P
paper393,Mozer_M
paper393,Soukup_T
paper394,Chang_E
paper394,Lippmann_R
paper395,Keesing_R
paper395,Stork_D
paper396,Fine_T
paper397,Smyth_P
paper398,Gupta_A
paper398,Maass_W
paper399,Darken_C
paper399,Moody_J
paper39,Houk_J
paper3,Atiya_A
paper400,Baras_J
paper400,LaVigna_A
paper401,Bilbro_G
paper401,VandenBout_D
paper402,Denker_J
paper402,LeCun_Y
paper403,Kolen_J
paper403,Pollack_J
paper404,Rossen_M
paper405,Huberman_B
paper405,Rumelhart_D
paper405,Weigend_A
paper406,Biswas_S
paper406,Venkatesh_S
paper407,Chauvin_Y
paper408,Hertz_J
paper408,Krogh_A
paper409,Baum_E
paper409,Lang_K
paper40,Brady_D
paper40,Hsu_K
paper40,Psaltis_D
paper410,Cohn_D
paper410,Tesauro_G
paper411,Kanter_I
paper411,LeCun_Y
paper411,Solla_S
paper412,Pearlmutter_B
paper412,Rosenfeld_R
paper413,Psaltis_D
paper413,Snapp_R
paper413,Venkatesh_S
paper414,Sontag_E
paper415,Williamson_R
paper416,Kailath_T
paper416,Orlitsky_A
paper416,Roychowdhury_V
paper416,Siu_K
paper417,Pearson_R
paper417,Tsoi_A
paper418,Lippmann_R
paper418,Ng_K
paper419,Rohwer_R
paper41,Huang_W
paper41,Lippmann_R
paper420,Bilbro_G
paper420,Nissman_D
paper420,Snyder_W
paper420,VandenBout_D
paper421,Holler_M
paper422,Chu_R
paper422,Ko_P
paper422,Kramer_A
paper422,Sin_C
paper423,Samalam_V
paper423,Schwartz_D
paper424,Allen_R
paper424,Alspector_J
paper424,Jayakumar_A
paper424,Meir_R
paper424,Zeppenfeld_T
paper425,Box_B
paper425,Glynn_J
paper425,Miller_W
paper425,Whitney_E
paper426,McCartor_H
paper427,Graf_H
paper427,Henderson_D
paper427,Janow_R
paper427,Lee_R
paper428,Chiang_A
paper428,Chuang_M
paper429,Melton_M
paper429,Phan_T
paper429,Reeves_D
paper429,VandenBout_D
paper42,Jang_J
paper42,Lee_S
paper42,Shin_S
paper430,Hobson_J
paper430,Mamelak_A
paper430,Sutton_J
paper431,Sydorenko_M
paper431,Young_E
paper432,Dayan_P
paper432,Goodhill_G
paper433,Bialek_W
paper433,de-Ruyter-van-Steveninck_R
paper434,Mel_B
paper435,Bernander_O
paper435,Douglas_R
paper435,Koch_C
paper436,Brown_T
paper436,Claiborne_B
paper436,Zador_A
paper437,Bell_A
paper438,Bulsara_A
paper438,Jacobs_E
paper438,Moss_Moss
paper439,Bonds_A
paper43,Kanwal_J
paper440,Blasdel_G
paper440,Obermayer_K
paper440,Schulten_K
paper441,Keesing_R
paper441,Shatz_C
paper441,Stork_D
paper442,Buchanan_J
paper443,Doya_K
paper443,Yoshizawa_S
paper444,Koch_C
paper444,Schuster_H
paper445,Horn_D
paper445,Usher_M
paper446,Haffner_P
paper446,Waibel_A
paper447,de-Oliveira_P
paper447,de-Vries_B
paper447,Kuo_J
paper447,Principe_J
paper448,Bocchieri_E
paper448,Levin_E
paper448,Pieraccini_R
paper449,Lippmann_R
paper449,Singer_E
paper44,Keeler_J
paper450,Bourlard_H
paper450,Cohen_M
paper450,Franco_H
paper450,Morgan_N
paper450,Renals_S
paper451,Bengio_Y
paper451,De-Mori_R
paper451,Flammia_G
paper451,Kompe_R
paper452,Jain_A
paper452,McNair_A
paper452,Osterholtz_L
paper452,Saito_H
paper452,Schmidbauer_O
paper452,Sloboda_T
paper452,Tebelskis_J
paper452,Waibel_A
paper452,Woszczyna_M
paper453,Hirayama_M
paper453,Jordan_M
paper453,Kawato_M
paper453,Vatikiotis-Bateson_E
paper454,Cole_R
paper454,Fanty_M
paper454,Roginski_K
paper455,Jain_A
paper456,Pinkas_G
paper457,Gupta_P
paper457,Touretzky_D
paper458,Dyer_M
paper458,Sumida_R
paper459,Cole_R
paper459,Muthusamy_Y
paper45,Hutchinson_J
paper45,Koch_C
paper45,Luo_J
paper45,Mead_C
paper460,Singh_S
paper461,Tesauro_G
paper462,Feulner_J
paper462,Hild_H
paper462,Menzel_W
paper463,Mozer_M
paper464,Hobson_J
paper464,Mamelak_A
paper464,Sutton_J
paper465,Schmidhuber_J
paper466,Atlas_L
paper466,Connor_J
paper466,Martin_D
paper467,Kuhn_G
paper467,Watrous_R
paper468,Chen_D
paper468,Chen_H
paper468,Giles_C
paper468,Lee_Y
paper468,Miller_C
paper468,Sun_G
paper469,Bloesch_A
paper469,Wiles_J
paper46,Kuh_A
paper470,Chen_H
paper470,Lee_Y
paper470,Sun_G
paper471,Lange_T
paper472,Robinson_D
paper473,Eskandar_E
paper473,Hertz_J
paper473,Kjaer_T
paper473,Optican_L
paper473,Richmond_B
paper474,Geiger_D
paper474,Pereira_R
paper475,Becker_S
paper475,Hinton_G
paper476,Lisberger_S
paper476,Sejnowski_T
paper476,Viola_P
paper477,Darrell_T
paper477,Pentland_A
paper478,Cooper_P
paper478,Prokopowicz_P
paper479,Shashua_A
paper47,Farber_R
paper47,Lapedes_A
paper480,Fisher_S
paper480,Pouget_A
paper480,Sejnowski_T
paper481,Ahmad_S
paper482,Mjolsness_E
paper483,Behrmann_M
paper483,Mozer_M
paper483,Zemel_R
paper484,Chellappa_R
paper484,Goodman_R
paper484,Greenspan_H
paper485,Basri_R
paper485,Ullman_S
paper486,Bfilthoff_H
paper486,Edelman_S
paper486,Gold_J
paper486,Intrator_N
paper487,Boser_B
paper487,Bottou_L
paper487,Guyon_I
paper487,Solla_S
paper487,Vapnik_V
paper488,Ben_J
paper488,Graf_H
paper488,Nohl_C
paper489,Burges_C
paper489,Denker_J
paper489,LeCun_Y
paper489,Matan_O
paper48,Honrubia_V
paper48,Lau_C
paper490,Keeler_J
paper490,Rumelhart_D
paper491,Martin_G
paper491,Rashid_M
paper492,Hinton_G
paper492,Revow_M
paper492,Williams_C
paper493,Mayhew_J
paper493,Prescott_T
paper494,Moller_K
paper494,Thrun_S
paper495,Lemmon_M
paper496,Gomi_H
paper496,Kawato_M
paper497,Ray_W
paper497,Scott_G
paper497,Shavlik_J
paper498,Brody_C
paper499,Moore_A
paper49,Brandeis_D
paper49,Horst_A
paper49,Lehmann_D
paper49,Ozaki_H
paper49,Pal_I
paper4,Atlas_L
paper4,Homma_T
paper4,Marks_R
paper500,LeCun_Y
paper500,Simard_P
paper501,DeMers_D
paper501,Kreutz-Delgado_K
paper502,Dean_P
paper502,Langdon_P
paper502,Mayhew_J
paper503,Anastasio_T
paper504,Barto_A
paper504,Berthier_N
paper504,Houk_J
paper504,Singh_S
paper505,Flash_T
paper505,Henis_E
paper506,Dornay_M
paper506,Kawato_M
paper506,Suzuki_R
paper506,Uno_Y
paper507,Chi_Z
paper507,Flower_B
paper507,Jabri_M
paper507,Leong_P
paper507,Pickard_S
paper507,Xie_Y
paper508,Christy_P
paper508,Ehman_R
paper508,Manduca_A
paper509,Lytton_W
paper509,Sejnowski_T
paper509,Venturini_R
paper50,Leong_H
paper510,Holmann_R
paper510,Roscheisen_M
paper510,Tresp_V
paper511,Mellstrom_J
paper511,Smyth_P
paper512,Badran_F
paper512,Crepon_M
paper512,Mejia_C
paper512,Thiria_S
paper513,Moody_J
paper513,Utans_J
paper514,Blaum_M
paper514,Gish_S
paper515,Tsoi_A
paper516,Freeman_D
paper517,Tunley_H
paper518,Giles_C
paper518,Goudreau_M
paper519,Faggin_F
paper519,Platt_J
paper51,Linsker_R
paper520,Chiang_A
paper520,Chuang_M
paper520,LaFranchise_J
paper521,Neugebauer_C
paper521,Yariv_A
paper522,Benson_R
paper522,Delbruck_T
paper523,Andreou_A
paper523,Boahen_K
paper524,Boser_B
paper524,Jackel_L
paper524,Sackinger_E
paper525,Beck_J
paper525,Bilmes_J
paper525,Kohn_P
paper525,Morgan_N
paper526,Barr_A
paper526,Fleischer_K
paper526,Kirk_D
paper526,Watts_L
paper527,Harris_J
paper528,Andreou_A
paper528,Cohen_M
paper528,Pouliquen_P
paper529,Lazzaro_J
paper52,Loos_H
paper530,Anderson_D
paper530,Benkert_C
paper530,Hebler_V
paper530,Jang_J
paper530,Montgomery_D
paper530,Saffman_M
paper531,Vapnik_V
paper532,MacKay_D
paper533,Moody_J
paper534,Haussler_D
paper534,Kearns_M
paper534,Opper_M
paper534,Schapire_R
paper535,Judd_S
paper536,Alspector_J
paper536,Jayakumar_A
paper536,Luna_S
paper537,Shawe-Taylor_J
paper538,Pearlmutter_B
paper539,Denker_J
paper539,LeCun_Y
paper539,Simard_P
paper539,Victorri_B
paper53,MacDonald_B
paper540,Bertoni_A
paper540,Campadelli_P
paper540,Morpurgo_A
paper540,Panizza_S
paper541,Freund_Y
paper541,Haussler_D
paper542,Kuh_A
paper542,Petsche_T
paper542,Rivest_R
paper543,Ji_C
paper543,Psaltis_D
paper544,Atkeson_C
paper544,Zhao_Y
paper545,Bruck_J
paper545,Siu_K
paper546,Hertz_J
paper546,Krogh_A
paper547,Omohundro_S
paper548,McMillan_C
paper548,Mozer_M
paper548,Smolensky_P
paper549,Shavlik_J
paper549,Towell_G
paper54,Denker_J
paper54,Graf_H
paper54,Mackie_S
paper54,Schwartz_D
paper550,Jacobs_R
paper550,Jordan_M
paper551,Hinton_G
paper551,Nowlan_S
paper552,Munro_P
paper553,Darken_C
paper553,Moody_J
paper554,Schraudolph_N
paper554,Sejnowski_T
paper555,Stolorz_P
paper556,Holmstrom_L
paper556,Koistinen_P
paper557,Bartlett_P
paper557,Williamson_R
paper558,Moody_J
paper558,Yarvin_N
paper559,Downs_T
paper559,Redding_N
paper55,Marcus_C
paper55,Westervelt_R
paper560,Matheus_C
paper560,Sanger_T
paper560,Sutton_R
paper561,Wynne-Jones_M
paper562,Pratt_L
paper562,Ramachandran_S
paper563,Rogers_D
paper564,Bridle_J
paper564,Heading_A
paper564,MacKay_D
paper565,Glassman_M
paper566,Montana_D
paper567,Grebert_I
paper567,Keesing_R
paper567,Mims_S
paper567,Stork_D
paper568,Hampshire_J
paper568,Kumar_B
paper569,Dietterich_T
paper569,Wettschereck_D
paper56,Atlas_L
paper56,Marks_R
paper56,Oh_S
paper56,Ritcey_J
paper570,Bauer_H
paper570,Geisel_T
paper570,Pawelzik_K
paper571,Bernasconi_J
paper571,Gustarson_K
paper572,Hwang_J
paper572,Li_H
paper572,Maechler_M
paper572,Martin_R
paper572,Schimert_J
paper573,Hamey_L
paper574,Intrator_N
paper575,Omohundro_S
paper575,Stolcke_A
paper576,Kailath_T
paper576,Roychowdhury_V
paper576,Siu_K
paper577,Ollila_M
paper577,Wiles_J
paper578,Plate_T
paper579,Drucker_H
paper579,Schapire_R
paper579,Simard_P
paper57,Mel_B
paper580,Cun_Y
paper580,Denker_J
paper580,Simard_P
paper581,Roychowdhury_V
paper581,Siu_K
paper582,Das_S
paper582,Giles_C
paper582,Sun_G
paper583,Abu-Mostafa_Y
paper584,Anderson_C
paper585,Judd_S
paper585,Munro_P
paper586,Belew_R
paper587,Mahoney_J
paper587,Mooney_R
paper588,Ring_M
paper589,Fritzke_B
paper58,Farrell_J
paper58,Michel_A
paper58,Porod_W
paper590,Bonnlander_B
paper590,Mozer_M
paper591,Chang_E
paper591,Lippmann_R
paper592,Boser_B
paper592,Guyon_I
paper592,Vapnik_V
paper593,Cun_Y
paper593,Pearlmutter_B
paper593,Simard_P
paper594,Hassibi_B
paper594,Stork_D
paper595,Mozer_M
paper595,Williams_C
paper595,Zemel_R
paper596,Chen_H
paper596,Lee_Y
paper596,Sun_G
paper597,Littmann_E
paper597,Ritter_H
paper598,Paass_G
paper599,Pratt_L
paper59,Khanna_S
paper59,Langenbacher_H
paper59,Moopenn_A
paper59,Thakoor_A
paper5,Baldi_P
paper5,Venkatesh_S
paper600,Flower_B
paper600,Jabri_M
paper601,Ballard_D
paper601,de-Sa_V
paper602,Finnoff_W
paper602,Hergert_Hergert
paper602,Zimmermann_H
paper603,Baird_B
paper603,Eeckman_F
paper603,Troyer_T
paper604,Cauwenberghs_G
paper605,DeMers_D
paper605,Kreutz-Delgado_K
paper606,Atkeson_C
paper606,Moore_A
paper607,Dayan_P
paper607,Hinton_G
paper608,Pomerleau_D
paper609,Mitchell_T
paper609,Thrun_S
paper60,Butler_Z
paper60,Murray_A
paper60,Smith_A
paper610,Bradtke_S
paper611,Bowman_C
paper612,Fukumura_N
paper612,Kawato_M
paper612,Suzuki_R
paper612,Uno_Y
paper613,Peterson_J
paper614,Gullapalli_V
paper615,Sanger_T
paper616,Eckmiller_R
paper616,Fahner_G
paper617,Goodman_R
paper617,Higgins_C
paper618,Becker_S
paper619,Nowlan_S
paper619,Sejnowski_T
paper61,Noest_A
paper620,Aertsen_A
paper620,Hochstein_S
paper620,Stern_E
paper620,Vaadia_E
paper621,Kersten_D
paper621,Madarasmi_S
paper621,Pong_T
paper622,Ahmad_S
paper622,Tresp_V
paper623,Gindi_G
paper623,Utans_J
paper624,Brody_C
paper625,Marshall_J
paper625,Martin_K
paper626,Goodman_R
paper626,Greenspan_H
paper627,Lappe_M
paper627,Rauschecker_J
paper628,Chapman_D
paper628,Martin_G
paper628,Pittman_J
paper628,Rashid_M
paper629,Leen_T
paper629,Moody_J
paper62,Dickinson_B
paper62,Petsche_T
paper630,Finnoff_W
paper631,Xu_L
paper631,Yuille_A
paper632,Neal_R
paper633,Freund_Y
paper633,Seung_H
paper633,Shamir_E
paper633,Tishby_N
paper634,Edwards_P
paper634,Murray_A
paper635,Schraudolph_N
paper635,Sejnowski_T
paper636,Leen_T
paper636,Orr_G
paper637,Matsumoto_K
paper637,Nakashima_M
paper637,Shiono_S
paper637,Yamada_S
paper638,Hertz_J
paper638,Schwarze_H
paper639,Goodman_R
paper639,Miller_J
paper63,Pineda_F
paper640,Wolpert_D
paper641,Cessac_B
paper641,Doyon_B
paper641,Quoy_M
paper641,Samuelides_M
paper642,Levy_W
paper642,Minai_A
paper643,Meilijson_I
paper643,Ruppin_E
paper643,Sipper_M
paper644,Meilijson_I
paper644,Ruppin_E
paper645,Cottrell_G
paper645,DeMers_D
paper646,Golea_M
paper646,Hancock_T
paper646,Marchand_M
paper647,Liu_Y
paper648,Amari_S
paper648,Murata_N
paper648,Yoshizawa_S
paper649,DasGupta_B
paper649,Schnitger_G
paper64,Barr_A
paper64,Platt_J
paper650,Helmke_U
paper650,Williamson_R
paper651,Hertz_J
paper651,Wulff_N
paper652,Kowalczyk_A
paper653,Abrash_V
paper653,Cohen_M
paper653,Franco_H
paper653,Morgan_N
paper653,Rumelhart_D
paper654,Hirayama_M
paper654,Honda_K
paper654,Kawato_M
paper654,Kioke_Y
paper654,Vatikiotis-Bateson_E
paper655,Andreou_A
paper655,Goldstein_M
paper655,Liu_W
paper656,Lee_W
paper656,Pearson_J
paper657,Abrash_V
paper657,Cohen_M
paper657,Franco_H
paper657,Konig_Y
paper657,Morgan_N
paper657,Wooters_C
paper658,Principe_J
paper658,Zahalka_A
paper659,Tebelskis_J
paper659,Waibel_A
paper65,Hurlbert_A
paper65,Poggio_T
paper660,Makhoul_J
paper660,Schwartz_R
paper660,Zavaliagkos_G
paper660,Zhao_Y
paper661,Hild_H
paper661,Waibel_A
paper662,Guyon_I
paper662,Henderson_D
paper662,Nohl_C
paper662,Schenkel_M
paper662,Weissman_H
paper663,Levin_E
paper663,Pieraccini_R
paper664,Fine_T
paper664,Yuan_J
paper665,Baldi_P
paper665,Chauvin_Y
paper665,Hunkapiller_T
paper665,McClure_M
paper666,Atlan_H
paper666,Erel_J
paper666,Rosenberg_C
paper667,Anderson_J
paper667,Kirk_D
paper667,Platt_J
paper668,Baxter_D
paper668,Churcher_S
paper668,Hamilton_A
paper668,Murray_A
paper668,Reekie_H
paper669,Bair_W
paper669,Koch_C
paper669,Sarpeshkar_R
paper66,Fallside_F
paper66,Robinson_A
paper670,Barr_A
paper670,Fleischer_K
paper670,Kerns_D
paper670,Kirk_D
paper671,Linden_A
paper671,Sudbrak_T
paper671,Tietz_C
paper671,Weber_Weber
paper672,Pasero_E
paper672,Zecchina_R
paper673,Abbott_L
paper673,LeMasson_G
paper673,Marder_E
paper673,Renaud-LeMasson_S
paper674,Gillespie_D
paper674,Lazzaro_J
paper674,Mahowald_M
paper674,Sivilotti_M
paper674,Wawrzynek_J
paper675,Harris_J
paper675,Koch_C
paper675,Liu_S
paper675,Luo_J
paper675,Mathur_B
paper675,Sivilotti_M
paper676,Alspector_J
paper676,Jayakumar_A
paper676,Lippe_D
paper676,Meir_R
paper676,Yuhas_B
paper677,Smolensky_P
paper678,Gentner_D
paper678,Markman_A
paper679,Das_S
paper679,Mozer_M
paper67,Goodwin_J
paper67,Rosen_B
paper67,Vidal_J
paper680,Ahmad_S
paper680,Hollatz_J
paper680,Tresp_V
paper681,Bavelier_D
paper681,Jordan_M
paper682,Lehrer_R
paper682,Towell_G
paper683,Schfitze_H
paper684,Goebel_R
paper685,Boyle_M
paper685,Doya_K
paper685,Selverston_A
paper686,Nelson_M
paper687,Burgess_N
paper687,O'Keefe_J
paper687,Recce_M
paper688,Gluck_M
paper688,Myers_C
paper689,Gat_I
paper689,Tishby_N
paper68,Rosenfeld_R
paper68,Touretzky_D
paper690,Linsker_R
paper691,Coenen_O
paper691,Lisberger_S
paper691,Sejnowski_T
paper692,Dayan_P
paper692,Montague_P
paper692,Nowlan_S
paper692,Pouget_A
paper692,Sejnowski_T
paper693,Bauer_H
paper693,Deppisch_J
paper693,Geisel_T
paper693,Pawelzik_K
paper694,Goodhill_G
paper695,Douglass_J
paper695,Longtin_A
paper695,Moss_F
paper696,Chu_P
paper696,Cowan_J
paper696,Milton_J
paper697,Bisset_D
paper697,Walton_L
paper698,Massone_L
paper699,Dreyfus_G
paper699,Kerszberg_M
paper699,Linster_C
paper699,Marsan_D
paper699,Masson_C
paper699,Personnaz_L
paper69,Mastebroek_H
paper69,Schuling_F
paper69,Zaagman_W
paper6,Baum_E
paper6,Wilczek_F
paper700,Gothard_K
paper700,Markus_E
paper700,McNaughton_B
paper700,Skaggs_W
paper701,Hinton_G
paper701,Zemel_R
paper702,Hinton_G
paper702,Zemel_R
paper703,Das_S
paper703,Mozer_M
paper704,Saund_E
paper705,Leen_T
paper705,Levin_A
paper705,Moody_J
paper706,Bregler_C
paper706,Omohundro_S
paper707,Forrest_S
paper707,Holland_J
paper707,Mitchell_M
paper708,Maron_O
paper708,Moore_A
paper709,Baird_B
paper709,Eeckman_F
paper709,Troyer_T
paper70,Cooper_L
paper70,Elbaurn_C
paper70,Reilly_D
paper70,Scofield_C
paper710,Bengio_Y
paper710,Frasconi_P
paper711,Movellan_J
paper712,Angeline_P
paper712,Pollack_J
paper712,Saunders_G
paper713,Gold_S
paper713,Mjolsness_E
paper713,Rangarajan_A
paper714,Buhmann_J
paper714,Hofmann_T
paper715,de-Sa_V
paper716,Ghahramani_Z
paper716,Jordan_M
paper717,Ahmad_S
paper717,Neuneier_R
paper717,Tresp_V
paper718,Lenz_R
paper718,Osterberg_M
paper719,Sanger_T
paper71,Scofield_C
paper720,Kambhatla_N
paper720,Leen_T
paper721,Atkeson_C
paper721,Schaal_S
paper722,Simard_P
paper723,Ron_D
paper723,Singer_Y
paper723,Tishby_N
paper724,Dietterich_T
paper724,Wettschereck_D
paper725,Liu_Y
paper726,Wolpert_D
paper727,Thodberg_H
paper728,Dietterich_T
paper728,Jain_A
paper728,Lathrop_R
paper728,Lozano-Perez_T
paper729,Ginzburg_I
paper729,Horn_D
paper72,Macy_S
paper72,Shepanski_J
paper730,Graf_H
paper730,Simard_P
paper731,Bostock_R
paper731,Harget_A
paper732,Cherkassky_V
paper732,Najafi_H
paper733,Fritzke_B
paper734,Hassibi_B
paper734,Stork_D
paper734,Watanabe_T
paper734,Wolff_G
paper735,Kamimura_R
paper736,Jabri_M
paper736,Leerink_L
paper737,Utans_J
paper738,Watanabe_S
paper739,Judd_J
paper739,Venkatesh_S
paper739,Wang_C
paper73,Siegel_R
paper740,Maass_W
paper741,Mhaskar_H
paper741,Micchelli_C
paper742,Cortes_C
paper742,Denker_J
paper742,Jackel_L
paper742,Solla_S
paper742,Vapnik_V
paper743,Fefferman_C
paper743,Markel_S
paper744,Grossman_T
paper744,Lapedes_A
paper745,Hassibi_B
paper745,Kailath_T
paper745,Sayed_A
paper746,Home_B
paper746,Hush_D
paper747,Ji_C
paper748,Kowalczyk_A
paper749,Mangasarian_O
paper749,Solodov_M
paper74,Noetzel_A
paper74,Silverman_R
paper750,Plutowski_M
paper750,Sakata_S
paper750,White_H
paper751,Hertz_J
paper751,Schwarze_H
paper752,Prtigel-Bennett_A
paper752,Shapiro_J
paper753,Gu_C
paper753,Klein_B
paper753,Klein_R
paper753,Wahba_G
paper753,Wang_Y
paper754,Watanabe_S
paper755,Wiklicky_H
paper756,Gyorgyi_G
paper756,Kirkpatrick_S
paper756,Tishby_N
paper756,Troyansky_L
paper757,Coolen_A
paper757,Penney_R
paper757,Sherrington_D
paper758,Botelho_F
paper758,Garzon_M
paper759,Gerstner_W
paper759,vanHemmen_J
paper75,Donoghue_J
paper75,Singer_A
paper760,Ginzburg_I
paper760,Sompolinski_H
paper761,Leen_T
paper761,Orr_G
paper762,Meilijson_I
paper762,Ruppin_E
paper763,Blum_E
paper763,Li_Q
paper763,Wang_X
paper764,Kolen_J
paper765,Marder_E
paper766,Bernander_O
paper766,Douglas_R
paper766,Koch_C
paper767,Kerszberg_M
paper767,Linster_C
paper767,Marson_D
paper767,Masson_C
paper768,Druzinsky_R
paper768,Heckman_C
paper768,Maltenfort_M
paper768,Rymer_W
paper769,Blasdel_G
paper769,Kiorpes_L
paper769,Obermayer_K
paper76,Smolensky_P
paper770,Bialek_W
paper770,Ruderman_D
paper771,Boussard_E
paper771,Vibert_J
paper772,Doya_K
paper772,Rowat_P
paper772,Selverston_A
paper773,Eaton_R
paper773,Guzik_A
paper774,Bisofberger_B
paper774,Horiuchi_T
paper774,Koch_C
paper775,Lewicki_M
paper776,Dayan_P
paper776,Montague_P
paper776,Sejnowski_T
paper777,Knudsen_E
paper777,Rosen_D
paper777,Rumelhart_D
paper778,Sanger_T
paper779,Siegel_M
paper77,Dikaiakos_M
paper77,Kontoravdis_D
paper77,Stafylopatis_A
paper780,Koch_C
paper780,Olami_Z
paper780,Stemmler_M
paper780,Usher_M
paper781,Buckland_K
paper781,Lawrence_P
paper782,Chen_H
paper782,Flake_G
paper782,Lee_Y
paper782,Sun_G
paper783,Barto_A
paper783,Connolly_C
paper783,Ginpen_R
paper783,Singh_S
paper784,Atkeson_C
paper785,Boyan_J
paper785,Littman_M
paper786,Cohn_D
paper787,Barto_A
paper787,Duff_M
paper788,Barto_A
paper788,Gullapalli_V
paper789,Jaakkola_T
paper789,Jordan_M
paper789,Singh_S
paper78,Hogg_T
paper78,Huberman_B
paper78,Stornetta_W
paper790,Moore_A
paper791,Cacciatore_T
paper791,Nowlan_S
paper792,Kawato_M
paper792,Koike_Y
paper792,Vatikiotis-Bateson_E
paper792,Wada_Y
paper793,Bromley_J
paper793,Guyon_I
paper793,LeCun_Y
paper793,Sackinger_E
paper793,Shah_R
paper794,Platt_J
paper794,Wolf_R
paper795,Baluja_S
paper795,Pomerleau_D
paper796,Baldi_P
paper796,Brunak_S
paper796,Chauvin_Y
paper796,Englebrecht_J
paper796,Krogh_A
paper797,Buhmann_J
paper797,Eeckman_F
paper797,Lades_M
paper798,Flann_N
paper799,Cosatto_E
paper799,Graf_H
paper79,Chen_H
paper79,Lee_Y
paper79,Sun_G
paper7,Baxter_W
paper7,Dow_B
paper800,Kamnanithi_N
paper801,de-Gerlache_M
paper801,Keymeulen_D
paper802,Farber_R
paper802,Lapedes_A
paper802,Steeg_E
paper803,Dayan_P
paper803,Schraudolph_N
paper803,Sejnowski_T
paper804,Smyth_P
paper805,Singer_Y
paper805,Tishby_N
paper806,Glover_M
paper806,Miller_W
paper807,Chau_P
paper807,Lambrigsten_B
paper807,Plutowski_M
paper807,Tawel_R
paper807,Watkins_S
paper808,Cauwenberghs_G
paper809,Andreou_A
paper809,Edwards_T
paper80,Arimoto_S
paper80,Suzuki_H
paper810,Coggins_R
paper810,Jabri_M
paper811,Elfadel_I
paper811,Wyatt_J
paper812,Gunzinger_A
paper812,Kocheisen_M
paper812,Muller_U
paper813,Boonyanit_K
paper813,Burr_J
paper813,Kritayakirana_K
paper813,Leung_M
paper813,Murray_M
paper813,Peterson_A
paper813,Schwartz_E
paper813,Stork_D
paper813,Watanabe_T
paper813,Wolff_G
paper814,Brettle_D
paper814,Niebur_E
paper815,Oliveira_A
paper815,Sangiovanni-Vincentelli_A
paper816,Ishii_H
paper816,Kosaka_H
paper816,Kotani_K
paper816,Ohmi_T
paper816,Shibata_T
paper816,Yamashita_T
paper817,Watts_L
paper818,Bengio_Y
paper818,Henderson_D
paper818,LeCun_Y
paper819,Darrell_T
paper819,Pentland_A
paper81,Page_E
paper81,Tagliarini_G
paper820,Finkel_L
paper820,Sakai_K
paper821,Ahmad_S
paper822,Albright_T
paper822,Buracas_G
paper823,Diamantaras_K
paper823,Geiger_D
paper824,Lu_C
paper824,Mjolsness_E
paper825,Finkel_L
paper825,Sajda_P
paper826,Smimakis_S
paper826,Xu_L
paper826,Yuille_A
paper827,Hsu_H
paper827,Kuo_J
paper827,Principe_J
paper828,Chang_E
paper828,Lippmann_R
paper829,Hennecke_M
paper829,Prasad_K
paper829,Stork_D
paper829,Wolff_G
paper82,Tenorio_M
paper830,Farrell_K
paper830,Mammone_R
paper831,Hirayama_M
paper831,Kawato_M
paper831,Vatikiotis-Bateson_E
paper832,Hochberg_M
paper832,Renals_S
paper832,Robinson_T
paper833,Makhoul_J
paper833,Schwartz_R
paper833,Zavaliagkos_G
paper833,Zhao_Y
paper834,Duda_R
paper835,Mussa-Ivaldi_F
paper835,Shadmehr_R
paper836,Stevens_C
paper836,Wiles_J
paper837,Blasig_R
paper838,Ghiselli-Crippa_T
paper838,Munro_P
paper839,Plate_T
paper83,Sejnowski_T
paper83,Tesauro_G
paper840,Elman_J
paper840,Shultz_T
paper841,Sperduti_A
paper842,Cottrell_G
paper842,Plutowski_M
paper842,White_H
paper843,Salu_Y
paper844,Sergejew_A
paper844,So_D
paper844,Tsoi_A
paper845,Douglas_R
paper845,Koch_C
paper845,Suarez_H
paper846,Mathis_D
paper846,Mozer_M
paper847,Brashers-Krug_T
paper847,Shadmehr_R
paper847,Todorov_E
paper848,Negishi_M
paper849,Reggia_J
paper849,Ruppin_E
paper84,Tomboulian_S
paper850,Ghahramani_Z
paper850,Jordan_M
paper850,Wolpert_D
paper851,Burgess_N
paper852,Hammer_M
paper852,Malaka_R
paper852,Ragg_T
paper853,Brown_T
paper853,Camevale_N
paper853,Claiborne_B
paper853,Tsai_K
paper854,Hasselmo_M
paper854,Schnell_E
paper855,Kairiss_E
paper855,Murphy_S
paper856,Erwin_E
paper856,Obermayer_K
paper856,Schulten_K
paper857,Doya_K
paper857,Sejnowski_T
paper858,Miikkulainen_R
paper858,Sirosh_J
paper859,Edelman_S
paper859,Malach_R
paper859,Spector_K
paper85,Salehi_J
paper85,Vecchi_M
paper860,Deffayet_C
paper860,Pouget_A
paper860,Sejnowski_T
paper861,Malpeli_J
paper861,Schulten_K
paper861,Tzonev_S
paper862,Braver_T
paper862,Cohen_J
paper862,Servan-Schreiber_D
paper863,Horn_D
paper863,Reggia_J
paper863,Ruppin_E
paper864,Pouget_A
paper864,Sejnowski_T
paper865,Sejnowski_T
paper865,Zemel_R
paper866,Knierim_J
paper866,Kudrimoti_H
paper866,McNaughton_B
paper866,Skaggs_W
paper867,Maass_W
paper868,Hassibi_B
paper868,Kailath_T
paper869,Terman_D
paper869,Wang_D
paper86,Haggerty_J
paper86,Vidal_J
paper870,Sollich_P
paper871,Ferra_H
paper871,Kowalczyk_A
paper872,Leen_T
paper873,Krogh_A
paper873,Vedelsby_J
paper874,Chiang_W
paper874,Cortes_C
paper874,Jackel_L
paper875,Brauer_W
paper875,Deco_G
paper876,Marion_G
paper876,Saad_D
paper877,Venkatesh_S
paper877,Wang_C
paper878,Cowan_J
paper878,Ohira_T
paper879,Hadjifaradji_S
paper879,Marchand_M
paper87,Wechsler_H
paper87,Zimmerman_G
paper880,Saad_D
paper880,Sollich_P
paper881,Meir_R
paper882,Barkai_N
paper882,Seung_H
paper883,Kuo_J
paper883,Principe_J
paper884,Feng_J
paper884,Pan_H
paper884,Roychowdhury_V
paper885,Fine_T
paper885,Tunnon_M
paper886,Fine_T
paper886,Mukherjee_S
paper887,Jaakkola_T
paper887,Jordan_M
paper887,Singh_S
paper888,Baird_L
paper888,Harmon_M
paper888,Klopf_A
paper889,Jaakkola_T
paper889,Jordan_M
paper889,Singh_S
paper88,Windecker_R
paper890,Boyan_J
paper890,Moore_A
paper891,McCallum_R
paper892,Schwartz_A
paper892,Thrun_S
paper893,Bradtke_S
paper893,Duff_M
paper894,Barto_A
paper894,Crites_R
paper895,Abu-Mostafa_Y
paper896,Taniguchi_M
paper896,Tresp_V
paper897,Bengio_Y
paper897,Frasconi_P
paper898,Jordan_M
paper898,Saul_L
paper899,Kindermann_J
paper899,Paass_G
paper89,Denker_J
paper89,Wittner_B
paper8,Bernasconi_J
paper900,Baluja_S
paper900,Pomerleau_D
paper901,Buhmann_J
paper901,Hofmann_T
paper902,Bell_A
paper902,Sejnowski_T
paper903,Schraudolph_N
paper903,Sejnowski_T
paper904,Cottrell_G
paper904,Tsung_F
paper905,Nix_D
paper905,Weigend_A
paper906,Bmske_JO
paper906,Sommer_G
paper907,Thrun_S
paper908,Graham_B
paper908,Willshaw_D
paper909,Berthold_M
paper909,Diamond_J
paper90,Standley_D
paper90,Wyatt_J
paper910,Hochreiter_S
paper910,Schmidhuber_J
paper911,Giles_C
paper911,Horne_B
paper911,Jabri_M
paper911,Leerink_L
paper912,Nakano_R
paper912,Ueda_N
paper913,Bengio_Y
paper913,Frasconi_P
paper914,Tenenbaum_J
paper914,Todorov_E
paper915,Lemmon_M
paper915,Szymanski_P
paper916,James_D
paper916,Miikkulainen_R
paper917,Bengio_Y
paper917,Bottou_L
paper918,Niyogi_P
paper918,Sung_K
paper919,Oshima-Takane_Y
paper919,Shultz_T
paper919,Takane_Y
paper91,Gluck_M
paper91,Henkle_V
paper91,Pavel_M
paper920,Alexander_J
paper920,Mozer_M
paper921,Ghahramani_Z
paper922,Fritzke_B
paper923,Hinton_G
paper923,Jordan_M
paper923,Xu_L
paper924,Bishop_C
paper924,Legleye_C
paper925,Giles_C
paper925,Horne_B
paper925,Jim_K
paper926,Camana_R
paper927,Sperduti_A
paper927,Stork_D
paper928,Hansen_L
paper928,Pedersen_M
paper929,Kambhatla_N
paper929,Leen_T
paper92,Sanger_T
paper930,Ahmad_S
paper930,Neuneier_R
paper930,Tresp_V
paper931,Giles_C
paper931,Horne_B
paper932,Cohn_D
paper932,Ghahramani_Z
paper932,Jordan_M
paper933,Gold_S
paper933,Mjolsness_E
paper933,Rangarajan_A
paper934,Kazlas_P
paper934,Weigend_A
paper935,Flower_B
paper935,Jabri_M
paper935,Pickard_S
paper936,Coggins_R
paper936,Diorio_C
paper936,Hasler_P
paper936,Mead_C
paper936,Minch_B
paper937,Cooper_L
paper937,Perrone_M
paper938,Huertas_J
paper938,Linares-Barranco_B
paper938,Serrano-Gotarredona_T
paper939,Churcher_S
paper939,Hajto_J
paper939,Holmes_A
paper939,Murray_A
paper939,Rose_M
paper93,Ackley_D
paper940,Behrman_E
paper940,Cmz-Cabrara_A
paper940,Skinner_S
paper940,Steck_J
paper941,Cauwenberghs_G
paper941,Pedroni_V
paper942,Horiuchi_T
paper943,Andreou_A
paper943,Pineda_F
paper944,Alspector_J
paper944,Lippe_D
paper945,Han_I
paper945,Kim_K
paper945,Lee_H
paper946,Hasler_P
paper947,Slaney_M
paper948,Robinson_A
paper948,Waterhouse_S
paper949,Fels_S
paper949,Hinton_G
paper94,Moody_J
paper950,Movellan_J
paper951,Makhoul_J
paper951,Schwartz_R
paper951,Sroka_J
paper951,Zhao_Y
paper952,Furlanello_C
paper952,Giuliani_D
paper952,Trentin_E
paper953,Chang_E
paper953,Lippmann_R
paper954,Back_A
paper954,Tsoi_A
paper955,Ballard_D
paper955,Rao_R
paper956,Nowlan_S
paper956,Platt_J
paper957,Darrell_T
paper957,Essa_I
paper957,Pentland_A
paper958,Sundareswaran_V
paper958,Vaina_L
paper959,Dong_D
paper95,Kramer_A
paper95,Sangiovanni-Vincentelli_A
paper960,Becker_S
paper961,Bischof_H
paper961,Hornik_K
paper962,Ando_H
paper962,Suzuki_S
paper963,Gold_S
paper963,Lu_C
paper963,Mjolsness_E
paper963,Pappu_S
paper963,Rangarajan_A
paper964,Hinton_G
paper964,Revow_M
paper964,Williams_C
paper965,Bregler_C
paper965,Omohundro_S
paper966,Bergen_J
paper966,Pearson_J
paper966,Spence_C
paper967,Milgram_M
paper967,Schwenk_H
paper968,Hastie_T
paper968,Sackinger_E
paper968,Simard_P
paper969,Bishop_C
paper969,Haynes_P
paper969,Smith_M
paper969,Todd_T
paper969,Trotman_D
paper969,Windsor_C
paper96,Davis_L
paper970,Dayan_P
paper970,Hinton_G
paper970,Revow_M
paper971,Sanger_T
paper972,Ke_L
paper972,McVey_B
paper972,Tokar_R
paper973,Pomerleau_D
paper974,Heil_S
paper974,Schmidhuber_J
paper975,Kukolich_L
paper975,Lippmann_R
paper975,Shahian_D
paper976,Burke_H
paper976,Goodman_P
paper976,Rosen_D
paper977,Thmn_S
paper978,Sejnowski_T
paper978,Stensmo_M
paper979,Baldi_P
paper979,Burl_M
paper979,Fayyad_U
paper979,Perona_P
paper979,Smyth_P
paper97,Lee_W
paper97,Tenorio_M
paper980,Finke_M
paper980,Manke_S
paper980,Waibel_A
paper981,Asogawa_M
paper982,Dreyfus_G
paper982,Knerr_S
paper982,Personnaz_L
paper982,Price_D
paper983,Brashers-Krug_T
paper983,Mussa-lvaldi_F
paper983,Shadmehr_R
paper984,Ghahramani_Z
paper984,Jordan_M
paper984,Wolpert_D
paper985,Tenenbaum_J
paper986,Pouget_A
paper986,Sejnowski_T
paper987,Martin_G
paper988,Craven_M
paper988,Shavlik_J
paper989,Gourley_R
paper98,Baldi_P
paper990,Doya_K
paper990,Nakahara_H
paper991,Cherkauer_K
paper991,Shavlik_J
paper992,Denham_M
paper992,McCabe_S
paper993,Rexlish_A
paper993,Touretzky_D
paper994,Bair_W
paper994,Koch_C
paper994,Zohary_E
paper995,Stevens_C
paper995,Zador_A
paper996,Peterson_R
paper996,Taylor_J
paper997,Coenen_O
paper997,Sejnowski_T
paper998,Joseph_S
paper998,Willshaw_D
paper999,Stevens_C
paper999,Zador_A
paper99,Domany_E
paper99,Grossman_T
paper99,Meir_R
paper9,Borg-Graham_L
